customer_count,vehicle_capacity,instance_name,timing_variant,source_folder,selected_run_timestamp,run_folder_count,latest_available_run_timestamp,selected_run_is_latest_available,run_classification,wave_assignment_before_routing,same_wave_repair_used,algorithm,timing_model,base_timing_model,timing_repair_model,wave_timing_repair_scope,wave_repair_max_recursion_depth,dispatch_waves,dispatch_wave_labels,working_day_end_time,working_day_end_time_label,service_time_per_customer_hours_estimate,average_speed_estimate,depot_handling_time,depot_handling_time_minutes,supplier_arrival_window_start,supplier_arrival_window_start_label,supplier_arrival_window_end,supplier_arrival_window_end_label,arrival_time_step_minutes,depot_arrival_seed,n_suppliers,direct_delivery_threshold,seed,grid_size,n_supplier_direct_customers,n_depot_customers,supplier_direct_routing_scope,depot_routing_scope,customers_per_wave,routes_per_wave,customer_delivery_distance,supplier_depot_replenishment_distance,total_system_distance,pre_repair_customer_delivery_distance,post_repair_customer_delivery_distance,pre_repair_total_system_distance,post_repair_total_system_distance,pre_repair_depot_outbound_distance,post_repair_depot_outbound_distance,depot_outbound_distance_change_after_repair,distance_change_after_repair,distance_change_after_repair_pct,matched_constructed_total_system_distance,split_vs_constructed_total_system_distance_delta,split_vs_constructed_total_system_distance_delta_pct,total_routes,pre_repair_total_routes,post_repair_total_routes,depot_routes,pre_repair_depot_routes,post_repair_depot_routes,route_count_change_after_repair,depot_route_count_change_after_repair,timing_routes_checked,timing_feasible_routes,timing_infeasible_routes,pre_repair_timing_infeasible_routes,post_repair_timing_infeasible_routes,infeasible_route_change_after_repair,routes_before_goods_ready,pre_repair_routes_before_goods_ready,post_repair_routes_before_goods_ready,goods_ready_violation_change_after_repair,routes_exceeding_workday,pre_repair_routes_exceeding_workday,post_repair_routes_exceeding_workday,workday_violation_change_after_repair,routes_without_feasible_wave,customers_without_feasible_wave,infeasible_timing_route_ids,infeasible_timing_customers,latest_finish_time,latest_finish_time_label,pre_repair_latest_finish_time,pre_repair_latest_finish_time_label,post_repair_latest_finish_time,post_repair_latest_finish_time_label,max_route_duration,avg_route_duration,avg_waiting_time,max_waiting_time,repair_attempts,successful_repairs,unresolved_repairs,unresolved_customers,n_unresolved_customers,routes_added_by_repair,overall_timing_feasible,depot_timing_feasibility,capacity_feasible,customer_coverage_feasible,supplier_feasible,structural_validity,avg_utilisation,min_utilisation,max_utilisation,depot_avg_utilisation,route_records_count,customer_wave_records_count,pre_repair_route_records_count,repair_records_count,best_n_remove,tested_n_remove_values,n_remove_applicability,notes_or_warnings
20,15,20c_cap15,dispatch_wave_constructed,results/hybrid_supplier_customer_kmeans_timing_waves_constructed_v1,run_2026_07_17_182625,2,run_2026_07_17_182625,True,main,true,not_applicable,hybrid_supplier_customer_kmeans_timing_waves_constructed_v1,depot_dispatch_waves_wave_constructed,,,,,"[9.0, 11.0, 13.0, 15.0]","[""09:00"", ""11:00"", ""13:00"", ""15:00""]",18.0,18:00,0.16666666666666666,30.0,0.5,30,8.0,08:00,13.0,13:00,15,42,3,5,42,10,7,13,supplier_region,global_depot_pool_by_dispatch_wave,"{""09:00"": 4, ""11:00"": 5, ""13:00"": 4, ""15:00"": 0}","{""09:00"": 2, ""11:00"": 2, ""13:00"": 2}",115.58790101324328,24.0,139.58790101324328,115.58790101324328,,139.58790101324328,,,,,,,139.58790101324328,,,11,11,,6,6,,,,6,6,0,0,,,0,0,,,0,0,,,0,0,[],[],13.693663523273175,13:42,13.693663523273175,13:42,,,1.0194273895465935,0.7308331983686905,15,45,,,,,,,True,True,True,True,True,True,0.40606060606060607,0.2,0.8,0.3,6,13,6,0,,,not_applicable_section_6_6_is_not_lns,
20,15,20c_cap15,dispatch_wave_constructed_split_repair,results/hybrid_supplier_customer_kmeans_timing_waves_constructed_split_v1,run_2026_07_17_201710,1,run_2026_07_17_201710,True,main,true,true,hybrid_supplier_customer_kmeans_timing_waves_constructed_split_v1,depot_dispatch_waves_wave_constructed_with_duration_split_repair,depot_dispatch_waves_wave_constructed,same_wave_duration_split_with_2opt,"depot routes only, after per-wave post-relocation 2-opt",10,"[9.0, 11.0, 13.0, 15.0]","[""09:00"", ""11:00"", ""13:00"", ""15:00""]",18.0,18:00,0.16666666666666666,30.0,0.5,30,8.0,08:00,13.0,13:00,15,42,3,5,42,10,7,13,supplier_region,global_depot_pool_by_dispatch_wave,"{""09:00"": 4, ""11:00"": 5, ""13:00"": 4, ""15:00"": 0}","{""09:00"": 2, ""11:00"": 2, ""13:00"": 2}",115.58790101324328,24.0,139.58790101324328,115.58790101324328,115.58790101324328,139.58790101324328,139.58790101324328,66.5499757063643,66.5499757063643,0.0,0.0,0.0,139.58790101324328,0.0,0.0,11,11,11,6,6,6,0.0,0.0,6,6,0,0,0,0.0,0,0,0,0.0,0,0,0,0.0,0,0,[],[],13.693663523273175,13:42,13.693663523273175,13:42,13.693663523273175,13:42,1.0194273895465935,0.7308331983686905,15,45,0,0,0,[],0,0,True,True,True,True,True,True,0.40606060606060607,0.2,0.8,0.3,6,13,6,0,,,not_applicable_section_6_6_is_not_lns,
20,25,20c_cap25,dispatch_wave_constructed,results/hybrid_supplier_customer_kmeans_timing_waves_constructed_v1,run_2026_07_17_182625,2,run_2026_07_17_182625,True,main,true,not_applicable,hybrid_supplier_customer_kmeans_timing_waves_constructed_v1,depot_dispatch_waves_wave_constructed,,,,,"[9.0, 11.0, 13.0, 15.0]","[""09:00"", ""11:00"", ""13:00"", ""15:00""]",18.0,18:00,0.16666666666666666,30.0,0.5,30,8.0,08:00,13.0,13:00,15,42,3,5,42,10,7,13,supplier_region,global_depot_pool_by_dispatch_wave,"{""09:00"": 4, ""11:00"": 5, ""13:00"": 4, ""15:00"": 0}","{""09:00"": 2, ""11:00"": 2, ""13:00"": 2}",98.23786144998746,24.0,122.23786144998746,98.23786144998746,,122.23786144998746,,,,,,,122.23786144998746,,,9,9,,6,6,,,,6,6,0,0,,,0,0,,,0,0,,,0,0,[],[],13.693663523273175,13:42,13.693663523273175,13:42,,,1.0194273895465935,0.7308331983686905,15,45,,,,,,,True,True,True,True,True,True,0.2977777777777778,0.12,0.72,0.18000000000000002,6,13,6,0,,,not_applicable_section_6_6_is_not_lns,
20,25,20c_cap25,dispatch_wave_constructed_split_repair,results/hybrid_supplier_customer_kmeans_timing_waves_constructed_split_v1,run_2026_07_17_201711,1,run_2026_07_17_201711,True,main,true,true,hybrid_supplier_customer_kmeans_timing_waves_constructed_split_v1,depot_dispatch_waves_wave_constructed_with_duration_split_repair,depot_dispatch_waves_wave_constructed,same_wave_duration_split_with_2opt,"depot routes only, after per-wave post-relocation 2-opt",10,"[9.0, 11.0, 13.0, 15.0]","[""09:00"", ""11:00"", ""13:00"", ""15:00""]",18.0,18:00,0.16666666666666666,30.0,0.5,30,8.0,08:00,13.0,13:00,15,42,3,5,42,10,7,13,supplier_region,global_depot_pool_by_dispatch_wave,"{""09:00"": 4, ""11:00"": 5, ""13:00"": 4, ""15:00"": 0}","{""09:00"": 2, ""11:00"": 2, ""13:00"": 2}",98.23786144998746,24.0,122.23786144998746,98.23786144998746,98.23786144998746,122.23786144998746,122.23786144998746,66.5499757063643,66.5499757063643,0.0,0.0,0.0,122.23786144998746,0.0,0.0,9,9,9,6,6,6,0.0,0.0,6,6,0,0,0,0.0,0,0,0,0.0,0,0,0,0.0,0,0,[],[],13.693663523273175,13:42,13.693663523273175,13:42,13.693663523273175,13:42,1.0194273895465935,0.7308331983686905,15,45,0,0,0,[],0,0,True,True,True,True,True,True,0.2977777777777778,0.12,0.72,0.18000000000000002,6,13,6,0,,,not_applicable_section_6_6_is_not_lns,
20,35,20c_cap35,dispatch_wave_constructed,results/hybrid_supplier_customer_kmeans_timing_waves_constructed_v1,run_2026_07_17_182626,2,run_2026_07_17_182626,True,main,true,not_applicable,hybrid_supplier_customer_kmeans_timing_waves_constructed_v1,depot_dispatch_waves_wave_constructed,,,,,"[9.0, 11.0, 13.0, 15.0]","[""09:00"", ""11:00"", ""13:00"", ""15:00""]",18.0,18:00,0.16666666666666666,30.0,0.5,30,8.0,08:00,13.0,13:00,15,42,3,5,42,10,7,13,supplier_region,global_depot_pool_by_dispatch_wave,"{""09:00"": 4, ""11:00"": 5, ""13:00"": 4, ""15:00"": 0}","{""09:00"": 2, ""11:00"": 2, ""13:00"": 2}",98.23786144998746,24.0,122.23786144998746,98.23786144998746,,122.23786144998746,,,,,,,122.23786144998746,,,9,9,,6,6,,,,6,6,0,0,,,0,0,,,0,0,,,0,0,[],[],13.693663523273175,13:42,13.693663523273175,13:42,,,1.0194273895465935,0.7308331983686905,15,45,,,,,,,True,True,True,True,True,True,0.21269841269841266,0.08571428571428572,0.5142857142857142,0.1285714285714286,6,13,6,0,,,not_applicable_section_6_6_is_not_lns,
20,35,20c_cap35,dispatch_wave_constructed_split_repair,results/hybrid_supplier_customer_kmeans_timing_waves_constructed_split_v1,run_2026_07_17_201711,1,run_2026_07_17_201711,True,main,true,true,hybrid_supplier_customer_kmeans_timing_waves_constructed_split_v1,depot_dispatch_waves_wave_constructed_with_duration_split_repair,depot_dispatch_waves_wave_constructed,same_wave_duration_split_with_2opt,"depot routes only, after per-wave post-relocation 2-opt",10,"[9.0, 11.0, 13.0, 15.0]","[""09:00"", ""11:00"", ""13:00"", ""15:00""]",18.0,18:00,0.16666666666666666,30.0,0.5,30,8.0,08:00,13.0,13:00,15,42,3,5,42,10,7,13,supplier_region,global_depot_pool_by_dispatch_wave,"{""09:00"": 4, ""11:00"": 5, ""13:00"": 4, ""15:00"": 0}","{""09:00"": 2, ""11:00"": 2, ""13:00"": 2}",98.23786144998746,24.0,122.23786144998746,98.23786144998746,98.23786144998746,122.23786144998746,122.23786144998746,66.5499757063643,66.5499757063643,0.0,0.0,0.0,122.23786144998746,0.0,0.0,9,9,9,6,6,6,0.0,0.0,6,6,0,0,0,0.0,0,0,0,0.0,0,0,0,0.0,0,0,[],[],13.693663523273175,13:42,13.693663523273175,13:42,13.693663523273175,13:42,1.0194273895465935,0.7308331983686905,15,45,0,0,0,[],0,0,True,True,True,True,True,True,0.21269841269841266,0.08571428571428572,0.5142857142857142,0.1285714285714286,6,13,6,0,,,not_applicable_section_6_6_is_not_lns,
40,15,40c_cap15,dispatch_wave_constructed,results/hybrid_supplier_customer_kmeans_timing_waves_constructed_v1,run_2026_07_17_182626,2,run_2026_07_17_182626,True,main,true,not_applicable,hybrid_supplier_customer_kmeans_timing_waves_constructed_v1,depot_dispatch_waves_wave_constructed,,,,,"[9.0, 11.0, 13.0, 15.0]","[""09:00"", ""11:00"", ""13:00"", ""15:00""]",18.0,18:00,0.16666666666666666,30.0,0.5,30,8.0,08:00,13.0,13:00,15,42,3,5,42,20,15,25,supplier_region,global_depot_pool_by_dispatch_wave,"{""09:00"": 5, ""11:00"": 9, ""13:00"": 10, ""15:00"": 1}","{""09:00"": 2, ""11:00"": 3, ""13:00"": 2, ""15:00"": 1}",366.0353041541975,96.0,462.0353041541975,366.0353041541975,,462.0353041541975,,,,,,,462.0353041541975,,,16,16,,8,8,,,,8,8,0,0,,,0,0,,,0,0,,,0,0,[],[],15.656718726509952,15:39,15.656718726509952,15:39,,,2.3855268747675313,1.3236229264238013,34,105,,,,,,,True,True,True,True,True,True,0.5833333333333334,0.2,0.8,0.4583333333333334,8,25,8,0,,,not_applicable_section_6_6_is_not_lns,
40,15,40c_cap15,dispatch_wave_constructed_split_repair,results/hybrid_supplier_customer_kmeans_timing_waves_constructed_split_v1,run_2026_07_17_201712,1,run_2026_07_17_201712,True,main,true,true,hybrid_supplier_customer_kmeans_timing_waves_constructed_split_v1,depot_dispatch_waves_wave_constructed_with_duration_split_repair,depot_dispatch_waves_wave_constructed,same_wave_duration_split_with_2opt,"depot routes only, after per-wave post-relocation 2-opt",10,"[9.0, 11.0, 13.0, 15.0]","[""09:00"", ""11:00"", ""13:00"", ""15:00""]",18.0,18:00,0.16666666666666666,30.0,0.5,30,8.0,08:00,13.0,13:00,15,42,3,5,42,20,15,25,supplier_region,global_depot_pool_by_dispatch_wave,"{""09:00"": 5, ""11:00"": 9, ""13:00"": 10, ""15:00"": 1}","{""09:00"": 2, ""11:00"": 3, ""13:00"": 2, ""15:00"": 1}",366.0353041541975,96.0,462.0353041541975,366.0353041541975,366.0353041541975,462.0353041541975,462.0353041541975,192.6695023417123,192.6695023417123,0.0,0.0,0.0,462.0353041541975,0.0,0.0,16,16,16,8,8,8,0.0,0.0,8,8,0,0,0,0.0,0,0,0,0.0,0,0,0,0.0,0,0,[],[],15.656718726509952,15:39,15.656718726509952,15:39,15.656718726509952,15:39,2.3855268747675313,1.3236229264238013,34,105,0,0,0,[],0,0,True,True,True,True,True,True,0.5833333333333334,0.2,0.8,0.4583333333333334,8,25,8,0,,,not_applicable_section_6_6_is_not_lns,
40,25,40c_cap25,dispatch_wave_constructed,results/hybrid_supplier_customer_kmeans_timing_waves_constructed_v1,run_2026_07_17_182626,4,run_2026_07_17_182626,True,main,true,not_applicable,hybrid_supplier_customer_kmeans_timing_waves_constructed_v1,depot_dispatch_waves_wave_constructed,,,,,"[9.0, 11.0, 13.0, 15.0]","[""09:00"", ""11:00"", ""13:00"", ""15:00""]",18.0,18:00,0.16666666666666666,30.0,0.5,30,8.0,08:00,13.0,13:00,15,42,3,5,42,20,15,25,supplier_region,global_depot_pool_by_dispatch_wave,"{""09:00"": 5, ""11:00"": 9, ""13:00"": 10, ""15:00"": 1}","{""09:00"": 2, ""11:00"": 3, ""13:00"": 2, ""15:00"": 1}",304.4975153824383,48.0,352.4975153824383,304.4975153824383,,352.4975153824383,,,,,,,352.4975153824383,,,12,12,,8,8,,,,8,8,0,0,,,0,0,,,0,0,,,0,0,[],[],15.656718726509952,15:39,15.656718726509952,15:39,,,2.3855268747675313,1.3236229264238013,34,105,,,,,,,True,True,True,True,True,True,0.4666666666666668,0.12,0.96,0.275,8,25,8,0,,,not_applicable_section_6_6_is_not_lns,
40,25,40c_cap25,dispatch_wave_constructed_split_repair,results/hybrid_supplier_customer_kmeans_timing_waves_constructed_split_v1,run_2026_07_17_201712,3,run_2026_07_17_204003,False,main,true,true,hybrid_supplier_customer_kmeans_timing_waves_constructed_split_v1,depot_dispatch_waves_wave_constructed_with_duration_split_repair,depot_dispatch_waves_wave_constructed,same_wave_duration_split_with_2opt,"depot routes only, after per-wave post-relocation 2-opt",10,"[9.0, 11.0, 13.0, 15.0]","[""09:00"", ""11:00"", ""13:00"", ""15:00""]",18.0,18:00,0.16666666666666666,30.0,0.5,30,8.0,08:00,13.0,13:00,15,42,3,5,42,20,15,25,supplier_region,global_depot_pool_by_dispatch_wave,"{""09:00"": 5, ""11:00"": 9, ""13:00"": 10, ""15:00"": 1}","{""09:00"": 2, ""11:00"": 3, ""13:00"": 2, ""15:00"": 1}",304.4975153824383,48.0,352.4975153824383,304.4975153824383,304.4975153824383,352.4975153824383,352.4975153824383,192.6695023417123,192.6695023417123,0.0,0.0,0.0,352.4975153824383,0.0,0.0,12,12,12,8,8,8,0.0,0.0,8,8,0,0,0,0.0,0,0,0,0.0,0,0,0,0.0,0,0,[],[],15.656718726509952,15:39,15.656718726509952,15:39,15.656718726509952,15:39,2.3855268747675313,1.3236229264238013,34,105,0,0,0,[],0,0,True,True,True,True,True,True,0.4666666666666668,0.12,0.96,0.275,8,25,8,0,,,not_applicable_section_6_6_is_not_lns,selected latest scenario-parameter-matching run; newer mismatched run(s) ignored: run_2026_07_17_204003
40,35,40c_cap35,dispatch_wave_constructed,results/hybrid_supplier_customer_kmeans_timing_waves_constructed_v1,run_2026_07_17_182627,2,run_2026_07_17_182627,True,main,true,not_applicable,hybrid_supplier_customer_kmeans_timing_waves_constructed_v1,depot_dispatch_waves_wave_constructed,,,,,"[9.0, 11.0, 13.0, 15.0]","[""09:00"", ""11:00"", ""13:00"", ""15:00""]",18.0,18:00,0.16666666666666666,30.0,0.5,30,8.0,08:00,13.0,13:00,15,42,3,5,42,20,15,25,supplier_region,global_depot_pool_by_dispatch_wave,"{""09:00"": 5, ""11:00"": 9, ""13:00"": 10, ""15:00"": 1}","{""09:00"": 2, ""11:00"": 3, ""13:00"": 2, ""15:00"": 1}",301.7402549291218,48.0,349.7402549291218,301.7402549291218,,349.7402549291218,,,,,,,349.7402549291218,,,12,12,,8,8,,,,8,8,0,0,,,0,0,,,0,0,,,0,0,[],[],15.656718726509952,15:39,15.656718726509952,15:39,,,2.3855268747675313,1.3236229264238013,34,105,,,,,,,True,True,True,True,True,True,0.3333333333333333,0.08571428571428572,1.0,0.19642857142857142,8,25,8,0,,,not_applicable_section_6_6_is_not_lns,
40,35,40c_cap35,dispatch_wave_constructed_split_repair,results/hybrid_supplier_customer_kmeans_timing_waves_constructed_split_v1,run_2026_07_17_201712,1,run_2026_07_17_201712,True,main,true,true,hybrid_supplier_customer_kmeans_timing_waves_constructed_split_v1,depot_dispatch_waves_wave_constructed_with_duration_split_repair,depot_dispatch_waves_wave_constructed,same_wave_duration_split_with_2opt,"depot routes only, after per-wave post-relocation 2-opt",10,"[9.0, 11.0, 13.0, 15.0]","[""09:00"", ""11:00"", ""13:00"", ""15:00""]",18.0,18:00,0.16666666666666666,30.0,0.5,30,8.0,08:00,13.0,13:00,15,42,3,5,42,20,15,25,supplier_region,global_depot_pool_by_dispatch_wave,"{""09:00"": 5, ""11:00"": 9, ""13:00"": 10, ""15:00"": 1}","{""09:00"": 2, ""11:00"": 3, ""13:00"": 2, ""15:00"": 1}",301.7402549291218,48.0,349.7402549291218,301.7402549291218,301.7402549291218,349.7402549291218,349.7402549291218,192.6695023417123,192.6695023417123,0.0,0.0,0.0,349.7402549291218,0.0,0.0,12,12,12,8,8,8,0.0,0.0,8,8,0,0,0,0.0,0,0,0,0.0,0,0,0,0.0,0,0,[],[],15.656718726509952,15:39,15.656718726509952,15:39,15.656718726509952,15:39,2.3855268747675313,1.3236229264238013,34,105,0,0,0,[],0,0,True,True,True,True,True,True,0.3333333333333333,0.08571428571428572,1.0,0.19642857142857142,8,25,8,0,,,not_applicable_section_6_6_is_not_lns,
60,15,60c_cap15,dispatch_wave_constructed,results/hybrid_supplier_customer_kmeans_timing_waves_constructed_v1,run_2026_07_17_182627,2,run_2026_07_17_182627,True,main,true,not_applicable,hybrid_supplier_customer_kmeans_timing_waves_constructed_v1,depot_dispatch_waves_wave_constructed,,,,,"[9.0, 11.0, 13.0, 15.0]","[""09:00"", ""11:00"", ""13:00"", ""15:00""]",18.0,18:00,0.16666666666666666,30.0,0.5,30,8.0,08:00,13.0,13:00,15,42,3,5,42,30,25,35,supplier_region,global_depot_pool_by_dispatch_wave,"{""09:00"": 7, ""11:00"": 11, ""13:00"": 15, ""15:00"": 2}","{""09:00"": 2, ""11:00"": 3, ""13:00"": 3, ""15:00"": 1}",774.5622095668546,192.0,966.5622095668546,774.5622095668546,,966.5622095668546,,,,,,,966.5622095668546,,,21,21,,9,9,,,,9,9,0,0,,,0,0,,,0,0,,,0,0,[],[],16.558222652089125,16:33,16.558222652089125,16:33,,,3.0905510236821234,2.02299738152908,30,105,,,,,,,True,True,True,True,True,True,0.7047619047619048,0.26666666666666666,1.0,0.6148148148148148,9,35,9,0,,,not_applicable_section_6_6_is_not_lns,
60,15,60c_cap15,dispatch_wave_constructed_split_repair,results/hybrid_supplier_customer_kmeans_timing_waves_constructed_split_v1,run_2026_07_17_201713,1,run_2026_07_17_201713,True,main,true,true,hybrid_supplier_customer_kmeans_timing_waves_constructed_split_v1,depot_dispatch_waves_wave_constructed_with_duration_split_repair,depot_dispatch_waves_wave_constructed,same_wave_duration_split_with_2opt,"depot routes only, after per-wave post-relocation 2-opt",10,"[9.0, 11.0, 13.0, 15.0]","[""09:00"", ""11:00"", ""13:00"", ""15:00""]",18.0,18:00,0.16666666666666666,30.0,0.5,30,8.0,08:00,13.0,13:00,15,42,3,5,42,30,25,35,supplier_region,global_depot_pool_by_dispatch_wave,"{""09:00"": 7, ""11:00"": 11, ""13:00"": 15, ""15:00"": 2}","{""09:00"": 2, ""11:00"": 3, ""13:00"": 3, ""15:00"": 1}",774.5622095668546,192.0,966.5622095668546,774.5622095668546,774.5622095668546,966.5622095668546,966.5622095668546,371.20929301285173,371.20929301285173,0.0,0.0,0.0,966.5622095668546,0.0,0.0,21,21,21,9,9,9,0.0,0.0,9,9,0,0,0,0.0,0,0,0,0.0,0,0,0,0.0,0,0,[],[],16.558222652089125,16:33,16.558222652089125,16:33,16.558222652089125,16:33,3.0905510236821234,2.02299738152908,30,105,0,0,0,[],0,0,True,True,True,True,True,True,0.7047619047619048,0.26666666666666666,1.0,0.6148148148148148,9,35,9,0,,,not_applicable_section_6_6_is_not_lns,
60,25,60c_cap25,dispatch_wave_constructed,results/hybrid_supplier_customer_kmeans_timing_waves_constructed_v1,run_2026_07_17_182628,2,run_2026_07_17_182628,True,main,true,not_applicable,hybrid_supplier_customer_kmeans_timing_waves_constructed_v1,depot_dispatch_waves_wave_constructed,,,,,"[9.0, 11.0, 13.0, 15.0]","[""09:00"", ""11:00"", ""13:00"", ""15:00""]",18.0,18:00,0.16666666666666666,30.0,0.5,30,8.0,08:00,13.0,13:00,15,42,3,5,42,30,25,35,supplier_region,global_depot_pool_by_dispatch_wave,"{""09:00"": 7, ""11:00"": 11, ""13:00"": 15, ""15:00"": 2}","{""09:00"": 2, ""11:00"": 3, ""13:00"": 2, ""15:00"": 1}",614.4171214434904,120.0,734.4171214434904,614.4171214434904,,734.4171214434904,,,,,,,734.4171214434904,,,15,15,,8,8,,,,8,8,0,0,,,0,0,,,0,0,,,0,0,[],[],16.945635230213572,16:57,16.945635230213572,16:57,,,3.9456352302135707,2.155086068666325,32,105,,,,,,,True,True,True,True,True,True,0.5920000000000001,0.16,1.0,0.41500000000000004,8,35,8,0,,,not_applicable_section_6_6_is_not_lns,
60,25,60c_cap25,dispatch_wave_constructed_split_repair,results/hybrid_supplier_customer_kmeans_timing_waves_constructed_split_v1,run_2026_07_17_201713,1,run_2026_07_17_201713,True,main,true,true,hybrid_supplier_customer_kmeans_timing_waves_constructed_split_v1,depot_dispatch_waves_wave_constructed_with_duration_split_repair,depot_dispatch_waves_wave_constructed,same_wave_duration_split_with_2opt,"depot routes only, after per-wave post-relocation 2-opt",10,"[9.0, 11.0, 13.0, 15.0]","[""09:00"", ""11:00"", ""13:00"", ""15:00""]",18.0,18:00,0.16666666666666666,30.0,0.5,30,8.0,08:00,13.0,13:00,15,42,3,5,42,30,25,35,supplier_region,global_depot_pool_by_dispatch_wave,"{""09:00"": 7, ""11:00"": 11, ""13:00"": 15, ""15:00"": 2}","{""09:00"": 2, ""11:00"": 3, ""13:00"": 2, ""15:00"": 1}",614.4171214434904,120.0,734.4171214434904,614.4171214434904,614.4171214434904,734.4171214434904,734.4171214434904,342.22065647991803,342.22065647991803,0.0,0.0,0.0,734.4171214434904,0.0,0.0,15,15,15,8,8,8,0.0,0.0,8,8,0,0,0,0.0,0,0,0,0.0,0,0,0,0.0,0,0,[],[],16.945635230213572,16:57,16.945635230213572,16:57,16.945635230213572,16:57,3.9456352302135707,2.155086068666325,32,105,0,0,0,[],0,0,True,True,True,True,True,True,0.5920000000000001,0.16,1.0,0.41500000000000004,8,35,8,0,,,not_applicable_section_6_6_is_not_lns,
60,35,60c_cap35,dispatch_wave_constructed,results/hybrid_supplier_customer_kmeans_timing_waves_constructed_v1,run_2026_07_17_182628,2,run_2026_07_17_182628,True,main,true,not_applicable,hybrid_supplier_customer_kmeans_timing_waves_constructed_v1,depot_dispatch_waves_wave_constructed,,,,,"[9.0, 11.0, 13.0, 15.0]","[""09:00"", ""11:00"", ""13:00"", ""15:00""]",18.0,18:00,0.16666666666666669,30.0,0.5,30,8.0,08:00,13.0,13:00,15,42,3,5,42,30,25,35,supplier_region,global_depot_pool_by_dispatch_wave,"{""09:00"": 7, ""11:00"": 11, ""13:00"": 15, ""15:00"": 2}","{""09:00"": 2, ""11:00"": 3, ""13:00"": 2, ""15:00"": 1}",559.6834867460417,72.0,631.6834867460417,559.6834867460417,,631.6834867460417,,,,,,,631.6834867460417,,,14,14,,8,8,,,,8,8,0,0,,,0,0,,,0,0,,,0,0,[],[],17.326394912890997,17:20,17.326394912890997,17:20,,,4.326394912890995,2.166522556345701,32,105,,,,,,,True,True,True,True,True,True,0.4530612244897959,0.11428571428571428,1.0,0.29642857142857143,8,35,8,0,,,not_applicable_section_6_6_is_not_lns,
60,35,60c_cap35,dispatch_wave_constructed_split_repair,results/hybrid_supplier_customer_kmeans_timing_waves_constructed_split_v1,run_2026_07_17_201714,1,run_2026_07_17_201714,True,main,true,true,hybrid_supplier_customer_kmeans_timing_waves_constructed_split_v1,depot_dispatch_waves_wave_constructed_with_duration_split_repair,depot_dispatch_waves_wave_constructed,same_wave_duration_split_with_2opt,"depot routes only, after per-wave post-relocation 2-opt",10,"[9.0, 11.0, 13.0, 15.0]","[""09:00"", ""11:00"", ""13:00"", ""15:00""]",18.0,18:00,0.16666666666666669,30.0,0.5,30,8.0,08:00,13.0,13:00,15,42,3,5,42,30,25,35,supplier_region,global_depot_pool_by_dispatch_wave,"{""09:00"": 7, ""11:00"": 11, ""13:00"": 15, ""15:00"": 2}","{""09:00"": 2, ""11:00"": 3, ""13:00"": 2, ""15:00"": 1}",559.6834867460417,72.0,631.6834867460417,559.6834867460417,559.6834867460417,631.6834867460417,631.6834867460417,344.96541352296833,344.96541352296833,0.0,0.0,0.0,631.6834867460417,0.0,0.0,14,14,14,8,8,8,0.0,0.0,8,8,0,0,0,0.0,0,0,0,0.0,0,0,0,0.0,0,0,[],[],17.326394912890997,17:20,17.326394912890997,17:20,17.326394912890997,17:20,4.326394912890995,2.166522556345701,32,105,0,0,0,[],0,0,True,True,True,True,True,True,0.4530612244897959,0.11428571428571428,1.0,0.29642857142857143,8,35,8,0,,,not_applicable_section_6_6_is_not_lns,
80,15,80c_cap15,dispatch_wave_constructed,results/hybrid_supplier_customer_kmeans_timing_waves_constructed_v1,run_2026_07_17_182629,2,run_2026_07_17_182629,True,main,true,not_applicable,hybrid_supplier_customer_kmeans_timing_waves_constructed_v1,depot_dispatch_waves_wave_constructed,,,,,"[9.0, 11.0, 13.0, 15.0]","[""09:00"", ""11:00"", ""13:00"", ""15:00""]",18.0,18:00,0.16666666666666669,30.0,0.5,30,8.0,08:00,13.0,13:00,15,42,3,5,42,40,29,51,supplier_region,global_depot_pool_by_dispatch_wave,"{""09:00"": 10, ""11:00"": 17, ""13:00"": 22, ""15:00"": 2}","{""09:00"": 2, ""11:00"": 4, ""13:00"": 4, ""15:00"": 1}",1219.7653021673277,288.0,1507.7653021673277,1219.7653021673277,,1507.7653021673277,,,,,,,1507.7653021673277,,,26,26,,11,11,,,,11,11,0,0,,,0,0,,,0,0,,,0,0,[],[],16.96651909167439,16:58,16.96651909167439,16:58,,,3.8381113054756364,2.595660653688722,29,105,,,,,,,True,True,True,True,True,True,0.7205128205128204,0.26666666666666666,1.0,0.7272727272727272,11,51,11,0,,,not_applicable_section_6_6_is_not_lns,
80,15,80c_cap15,dispatch_wave_constructed_split_repair,results/hybrid_supplier_customer_kmeans_timing_waves_constructed_split_v1,run_2026_07_17_201714,1,run_2026_07_17_201714,True,main,true,true,hybrid_supplier_customer_kmeans_timing_waves_constructed_split_v1,depot_dispatch_waves_wave_constructed_with_duration_split_repair,depot_dispatch_waves_wave_constructed,same_wave_duration_split_with_2opt,"depot routes only, after per-wave post-relocation 2-opt",10,"[9.0, 11.0, 13.0, 15.0]","[""09:00"", ""11:00"", ""13:00"", ""15:00""]",18.0,18:00,0.16666666666666669,30.0,0.5,30,8.0,08:00,13.0,13:00,15,42,3,5,42,40,29,51,supplier_region,global_depot_pool_by_dispatch_wave,"{""09:00"": 10, ""11:00"": 17, ""13:00"": 22, ""15:00"": 2}","{""09:00"": 2, ""11:00"": 4, ""13:00"": 4, ""15:00"": 1}",1219.7653021673277,288.0,1507.7653021673277,1219.7653021673277,1219.7653021673277,1507.7653021673277,1507.7653021673277,601.5680157172785,601.5680157172785,0.0,0.0,0.0,1507.7653021673277,0.0,0.0,26,26,26,11,11,11,0.0,0.0,11,11,0,0,0,0.0,0,0,0,0.0,0,0,0,0.0,0,0,[],[],16.96651909167439,16:58,16.96651909167439,16:58,16.96651909167439,16:58,3.8381113054756364,2.595660653688722,29,105,0,0,0,[],0,0,True,True,True,True,True,True,0.7205128205128204,0.26666666666666666,1.0,0.7272727272727272,11,51,11,0,,,not_applicable_section_6_6_is_not_lns,
80,25,80c_cap25,dispatch_wave_constructed,results/hybrid_supplier_customer_kmeans_timing_waves_constructed_v1,run_2026_07_17_182630,2,run_2026_07_17_182630,True,main,true,not_applicable,hybrid_supplier_customer_kmeans_timing_waves_constructed_v1,depot_dispatch_waves_wave_constructed,,,,,"[9.0, 11.0, 13.0, 15.0]","[""09:00"", ""11:00"", ""13:00"", ""15:00""]",18.0,18:00,0.16666666666666669,30.0,0.5,30,8.0,08:00,13.0,13:00,15,42,3,5,42,40,29,51,supplier_region,global_depot_pool_by_dispatch_wave,"{""09:00"": 10, ""11:00"": 17, ""13:00"": 22, ""15:00"": 2}","{""09:00"": 2, ""11:00"": 3, ""13:00"": 4, ""15:00"": 1}",956.9299630247157,192.0,1148.9299630247156,956.9299630247157,,1148.9299630247156,,,,,,,1148.9299630247156,,,18,18,,10,10,,,,10,10,0,0,,,0,0,,,0,0,,,0,0,[],[],16.96651909167439,16:58,16.96651909167439,16:58,,,3.8009702910391265,2.7395767641972855,34,105,,,,,,,True,True,True,True,True,True,0.6244444444444445,0.12,0.96,0.4800000000000001,10,51,10,0,,,not_applicable_section_6_6_is_not_lns,
80,25,80c_cap25,dispatch_wave_constructed_split_repair,results/hybrid_supplier_customer_kmeans_timing_waves_constructed_split_v1,run_2026_07_17_201715,1,run_2026_07_17_201715,True,main,true,true,hybrid_supplier_customer_kmeans_timing_waves_constructed_split_v1,depot_dispatch_waves_wave_constructed_with_duration_split_repair,depot_dispatch_waves_wave_constructed,same_wave_duration_split_with_2opt,"depot routes only, after per-wave post-relocation 2-opt",10,"[9.0, 11.0, 13.0, 15.0]","[""09:00"", ""11:00"", ""13:00"", ""15:00""]",18.0,18:00,0.16666666666666669,30.0,0.5,30,8.0,08:00,13.0,13:00,15,42,3,5,42,40,29,51,supplier_region,global_depot_pool_by_dispatch_wave,"{""09:00"": 10, ""11:00"": 17, ""13:00"": 22, ""15:00"": 2}","{""09:00"": 2, ""11:00"": 3, ""13:00"": 4, ""15:00"": 1}",956.9299630247157,192.0,1148.9299630247156,956.9299630247157,956.9299630247157,1148.9299630247156,1148.9299630247156,566.8730292591857,566.8730292591857,0.0,0.0,0.0,1148.9299630247156,0.0,0.0,18,18,18,10,10,10,0.0,0.0,10,10,0,0,0,0.0,0,0,0,0.0,0,0,0,0.0,0,0,[],[],16.96651909167439,16:58,16.96651909167439,16:58,16.96651909167439,16:58,3.8009702910391265,2.7395767641972855,34,105,0,0,0,[],0,0,True,True,True,True,True,True,0.6244444444444445,0.12,0.96,0.4800000000000001,10,51,10,0,,,not_applicable_section_6_6_is_not_lns,
80,35,80c_cap35,dispatch_wave_constructed,results/hybrid_supplier_customer_kmeans_timing_waves_constructed_v1,run_2026_07_17_182630,2,run_2026_07_17_182630,True,main,true,not_applicable,hybrid_supplier_customer_kmeans_timing_waves_constructed_v1,depot_dispatch_waves_wave_constructed,,,,,"[9.0, 11.0, 13.0, 15.0]","[""09:00"", ""11:00"", ""13:00"", ""15:00""]",18.0,18:00,0.16666666666666666,30.0,0.5,30,8.0,08:00,13.0,13:00,15,42,3,5,42,40,29,51,supplier_region,global_depot_pool_by_dispatch_wave,"{""09:00"": 10, ""11:00"": 17, ""13:00"": 22, ""15:00"": 2}","{""09:00"": 2, ""11:00"": 3, ""13:00"": 3, ""15:00"": 1}",851.4859000471055,160.0,1011.4859000471055,851.4859000471055,,1011.4859000471055,,,,,,,1011.4859000471055,,,15,15,,9,9,,,,9,9,0,0,,,0,0,,,0,0,,,0,0,[],[],17.950363630996765,17:57,17.950363630996765,17:57,,,4.9503636309967645,2.9579483161366387,33,105,,,,,,,True,True,True,True,True,True,0.5352380952380952,0.11428571428571428,1.0,0.38095238095238093,9,51,9,0,,,not_applicable_section_6_6_is_not_lns,
80,35,80c_cap35,dispatch_wave_constructed_split_repair,results/hybrid_supplier_customer_kmeans_timing_waves_constructed_split_v1,run_2026_07_17_201715,1,run_2026_07_17_201715,True,main,true,true,hybrid_supplier_customer_kmeans_timing_waves_constructed_split_v1,depot_dispatch_waves_wave_constructed_with_duration_split_repair,depot_dispatch_waves_wave_constructed,same_wave_duration_split_with_2opt,"depot routes only, after per-wave post-relocation 2-opt",10,"[9.0, 11.0, 13.0, 15.0]","[""09:00"", ""11:00"", ""13:00"", ""15:00""]",18.0,18:00,0.16666666666666666,30.0,0.5,30,8.0,08:00,13.0,13:00,15,42,3,5,42,40,29,51,supplier_region,global_depot_pool_by_dispatch_wave,"{""09:00"": 10, ""11:00"": 17, ""13:00"": 22, ""15:00"": 2}","{""09:00"": 2, ""11:00"": 3, ""13:00"": 3, ""15:00"": 1}",851.4859000471055,160.0,1011.4859000471055,851.4859000471055,851.4859000471055,1011.4859000471055,1011.4859000471055,543.6460453568926,543.6460453568926,0.0,0.0,0.0,1011.4859000471055,0.0,0.0,15,15,15,9,9,9,0.0,0.0,9,9,0,0,0,0.0,0,0,0,0.0,0,0,0,0.0,0,0,[],[],17.950363630996765,17:57,17.950363630996765,17:57,17.950363630996765,17:57,4.9503636309967645,2.9579483161366387,33,105,0,0,0,[],0,0,True,True,True,True,True,True,0.5352380952380952,0.11428571428571428,1.0,0.38095238095238093,9,51,9,0,,,not_applicable_section_6_6_is_not_lns,
100,15,100c_cap15,dispatch_wave_constructed,results/hybrid_supplier_customer_kmeans_timing_waves_constructed_v1,run_2026_07_17_182631,2,run_2026_07_17_182631,True,main,true,not_applicable,hybrid_supplier_customer_kmeans_timing_waves_constructed_v1,depot_dispatch_waves_wave_constructed,,,,,"[9.0, 11.0, 13.0, 15.0]","[""09:00"", ""11:00"", ""13:00"", ""15:00""]",18.0,18:00,0.16666666666666666,30.0,0.5,30,8.0,08:00,13.0,13:00,15,42,3,5,42,50,36,64,supplier_region,global_depot_pool_by_dispatch_wave,"{""09:00"": 10, ""11:00"": 22, ""13:00"": 28, ""15:00"": 4}","{""09:00"": 2, ""11:00"": 4, ""13:00"": 5, ""15:00"": 2}",1795.6165393662525,440.0,2235.6165393662523,1795.6165393662525,,2235.6165393662523,,,,,,,2235.6165393662523,,,30,30,,13,13,,,,13,12,1,1,,,0,0,,,1,1,,,0,0,[10],"[5, 8, 26, 33, 49, 78]",18.092894486790826,18:06,18.092894486790826,18:06,,,5.092894486790825,3.1413655858659,33,105,,,,,,,False,False,True,True,True,True,0.7688888888888887,0.26666666666666666,1.0,0.7692307692307694,13,64,13,0,,,not_applicable_section_6_6_is_not_lns,timing infeasible | routes exceed working day
100,15,100c_cap15,dispatch_wave_constructed_split_repair,results/hybrid_supplier_customer_kmeans_timing_waves_constructed_split_v1,run_2026_07_17_201716,1,run_2026_07_17_201716,True,main,true,true,hybrid_supplier_customer_kmeans_timing_waves_constructed_split_v1,depot_dispatch_waves_wave_constructed_with_duration_split_repair,depot_dispatch_waves_wave_constructed,same_wave_duration_split_with_2opt,"depot routes only, after per-wave post-relocation 2-opt",10,"[9.0, 11.0, 13.0, 15.0]","[""09:00"", ""11:00"", ""13:00"", ""15:00""]",18.0,18:00,0.16666666666666666,30.0,0.5,30,8.0,08:00,13.0,13:00,15,42,3,5,42,50,36,64,supplier_region,global_depot_pool_by_dispatch_wave,"{""09:00"": 10, ""11:00"": 22, ""13:00"": 28, ""15:00"": 4}","{""09:00"": 2, ""11:00"": 4, ""13:00"": 6, ""15:00"": 2}",1817.7083726663295,440.0,2257.7083726663295,1795.6165393662523,1817.7083726663295,2235.6165393662523,2257.7083726663295,905.1325784877007,927.224411787778,22.09183330007727,22.09183330007727,0.9881763223285069,2235.6165393662523,22.09183330007727,0.9881763223285069,31,30,31,14,13,14,1.0,1.0,14,14,0,1,0,-1.0,0,0,0,0.0,0,1,0,-1.0,0,0,[],[],17.22216462773379,17:13,18.092894486790826,18:06,17.22216462773379,17:13,3.61304257484783,2.9695819328280435,34,105,1,1,0,[],0,1,True,True,True,True,True,True,0.7440860215053761,0.26666666666666666,1.0,0.7142857142857144,14,64,13,1,,,not_applicable_section_6_6_is_not_lns,
100,25,100c_cap25,dispatch_wave_constructed,results/hybrid_supplier_customer_kmeans_timing_waves_constructed_v1,run_2026_07_17_182631,2,run_2026_07_17_182631,True,main,true,not_applicable,hybrid_supplier_customer_kmeans_timing_waves_constructed_v1,depot_dispatch_waves_wave_constructed,,,,,"[9.0, 11.0, 13.0, 15.0]","[""09:00"", ""11:00"", ""13:00"", ""15:00""]",18.0,18:00,0.1666666666666667,30.0,0.5,30,8.0,08:00,13.0,13:00,15,42,3,5,42,50,36,64,supplier_region,global_depot_pool_by_dispatch_wave,"{""09:00"": 10, ""11:00"": 22, ""13:00"": 28, ""15:00"": 4}","{""09:00"": 2, ""11:00"": 3, ""13:00"": 4, ""15:00"": 2}",1398.285254098367,320.0,1718.285254098367,1398.285254098367,,1718.285254098367,,,,,,,1718.285254098367,,,21,21,,11,11,,,,11,10,1,1,,,0,0,,,1,1,,,0,0,[9],"[8, 25, 32, 33, 49, 70, 93, 100]",18.016133018529477,18:01,18.016133018529477,18:01,,,5.016133018529477,3.4115219422025733,35,105,,,,,,,False,False,True,True,True,True,0.659047619047619,0.12,1.0,0.5454545454545454,11,64,11,0,,,not_applicable_section_6_6_is_not_lns,timing infeasible | routes exceed working day
100,25,100c_cap25,dispatch_wave_constructed_split_repair,results/hybrid_supplier_customer_kmeans_timing_waves_constructed_split_v1,run_2026_07_17_201716,1,run_2026_07_17_201716,True,main,true,true,hybrid_supplier_customer_kmeans_timing_waves_constructed_split_v1,depot_dispatch_waves_wave_constructed_with_duration_split_repair,depot_dispatch_waves_wave_constructed,same_wave_duration_split_with_2opt,"depot routes only, after per-wave post-relocation 2-opt",10,"[9.0, 11.0, 13.0, 15.0]","[""09:00"", ""11:00"", ""13:00"", ""15:00""]",18.0,18:00,0.1666666666666667,30.0,0.5,30,8.0,08:00,13.0,13:00,15,42,3,5,42,50,36,64,supplier_region,global_depot_pool_by_dispatch_wave,"{""09:00"": 10, ""11:00"": 22, ""13:00"": 28, ""15:00"": 4}","{""09:00"": 2, ""11:00"": 3, ""13:00"": 5, ""15:00"": 2}",1433.487371849026,320.0,1753.487371849026,1398.2852540983672,1433.487371849026,1718.2852540983672,1753.487371849026,805.8022409268491,841.004358677508,35.202117750658886,35.20211775065877,2.0486771720060135,1718.285254098367,35.202117750659,2.048677172006027,22,21,22,12,11,12,1.0,1.0,12,12,0,1,0,-1.0,0,0,0,0.0,0,1,0,-1.0,0,0,[],[],17.74062193358359,17:44,18.016133018529477,18:01,17.74062193358359,17:44,4.740621933583592,3.225012107437523,36,105,1,1,0,[],0,1,True,True,True,True,True,True,0.629090909090909,0.12,1.0,0.5000000000000001,12,64,11,1,,,not_applicable_section_6_6_is_not_lns,
100,35,100c_cap35,dispatch_wave_constructed,results/hybrid_supplier_customer_kmeans_timing_waves_constructed_v1,run_2026_07_17_182632,2,run_2026_07_17_182632,True,main,true,not_applicable,hybrid_supplier_customer_kmeans_timing_waves_constructed_v1,depot_dispatch_waves_wave_constructed,,,,,"[9.0, 11.0, 13.0, 15.0]","[""09:00"", ""11:00"", ""13:00"", ""15:00""]",18.0,18:00,0.16666666666666669,30.0,0.5,30,8.0,08:00,13.0,13:00,15,42,3,5,42,50,36,64,supplier_region,global_depot_pool_by_dispatch_wave,"{""09:00"": 10, ""11:00"": 22, ""13:00"": 28, ""15:00"": 4}","{""09:00"": 2, ""11:00"": 3, ""13:00"": 4, ""15:00"": 2}",1254.1327331222117,240.0,1494.1327331222117,1254.1327331222117,,1494.1327331222117,,,,,,,1494.1327331222117,,,19,19,,11,11,,,,11,9,2,2,,,0,0,,,2,2,,,0,0,"[6, 9]","[1, 8, 9, 25, 32, 33, 35, 36, 48, 49, 51, 53, 55, 62, 63, 67, 68, 70, 87, 88, 93, 98, 100]",19.143310110243327,19:09,19.143310110243327,19:09,,,6.143310110243325,3.36995652400776,44,105,,,,,,,False,False,True,True,True,True,0.5203007518796992,0.08571428571428572,1.0,0.3896103896103895,11,64,11,0,,,not_applicable_section_6_6_is_not_lns,timing infeasible | routes exceed working day
100,35,100c_cap35,dispatch_wave_constructed_split_repair,results/hybrid_supplier_customer_kmeans_timing_waves_constructed_split_v1,run_2026_07_17_201717,1,run_2026_07_17_201717,True,main,true,true,hybrid_supplier_customer_kmeans_timing_waves_constructed_split_v1,depot_dispatch_waves_wave_constructed_with_duration_split_repair,depot_dispatch_waves_wave_constructed,same_wave_duration_split_with_2opt,"depot routes only, after per-wave post-relocation 2-opt",10,"[9.0, 11.0, 13.0, 15.0]","[""09:00"", ""11:00"", ""13:00"", ""15:00""]",18.0,18:00,0.16666666666666666,30.0,0.5,30,8.0,08:00,13.0,13:00,15,42,3,5,42,50,36,64,supplier_region,global_depot_pool_by_dispatch_wave,"{""09:00"": 10, ""11:00"": 22, ""13:00"": 28, ""15:00"": 4}","{""09:00"": 2, ""11:00"": 3, ""13:00"": 6, ""15:00"": 2}",1342.006811234781,240.0,1582.006811234781,1254.132733122212,1342.006811234781,1494.132733122212,1582.006811234781,792.0856529225606,879.9597310351298,87.87407811256924,87.87407811256912,5.881276553585919,1494.1327331222117,87.87407811256935,5.881276553585935,21,19,21,13,11,13,2.0,2.0,13,13,0,2,0,-2.0,0,0,0,0.0,0,2,0,-2.0,0,0,[],[],17.22216462773379,17:13,19.143310110243327,19:09,17.22216462773379,17:13,4.78459165002388,3.076819823167,42,105,2,2,0,[],0,2,True,True,True,True,True,True,0.47074829931972784,0.08571428571428572,0.9714285714285714,0.32967032967032966,13,64,11,2,,,not_applicable_section_6_6_is_not_lns,
150,15,150c_cap15,dispatch_wave_constructed,results/hybrid_supplier_customer_kmeans_timing_waves_constructed_v1,run_2026_07_17_182633,2,run_2026_07_17_182633,True,main,true,not_applicable,hybrid_supplier_customer_kmeans_timing_waves_constructed_v1,depot_dispatch_waves_wave_constructed,,,,,"[9.0, 11.0, 13.0, 15.0]","[""09:00"", ""11:00"", ""13:00"", ""15:00""]",18.0,18:00,0.1666666666666666,30.0,0.5,30,8.0,08:00,13.0,13:00,15,42,3,5,42,75,57,93,supplier_region,global_depot_pool_by_dispatch_wave,"{""09:00"": 14, ""11:00"": 35, ""13:00"": 38, ""15:00"": 6}","{""09:00"": 3, ""11:00"": 7, ""13:00"": 7, ""15:00"": 2}",3874.373459777995,960.0,4834.373459777995,3874.373459777995,,4834.373459777995,,,,,,,4834.373459777995,,,45,45,,19,19,,,,19,16,3,3,,,0,0,,,3,3,,,0,0,"[13, 18, 19]","[36, 40, 48, 51, 55, 59, 85, 87, 96, 98, 117, 133, 138]",20.82334783610427,20:49,20.82334783610427,20:49,,,6.057988564593762,4.135747611316531,25,105,,,,,,,False,False,True,True,True,True,0.7866666666666668,0.26666666666666666,1.0,0.7649122807017544,19,93,19,0,,,not_applicable_section_6_6_is_not_lns,timing infeasible | routes exceed working day
150,15,150c_cap15,dispatch_wave_constructed_split_repair,results/hybrid_supplier_customer_kmeans_timing_waves_constructed_split_v1,run_2026_07_17_201718,1,run_2026_07_17_201718,True,main,true,true,hybrid_supplier_customer_kmeans_timing_waves_constructed_split_v1,depot_dispatch_waves_wave_constructed_with_duration_split_repair,depot_dispatch_waves_wave_constructed,same_wave_duration_split_with_2opt,"depot routes only, after per-wave post-relocation 2-opt",10,"[9.0, 11.0, 13.0, 15.0]","[""09:00"", ""11:00"", ""13:00"", ""15:00""]",18.0,18:00,0.1666666666666666,30.0,0.5,30,8.0,08:00,13.0,13:00,15,42,3,5,42,75,57,93,supplier_region,global_depot_pool_by_dispatch_wave,"{""09:00"": 14, ""11:00"": 35, ""13:00"": 38, ""15:00"": 6}","{""09:00"": 3, ""11:00"": 7, ""13:00"": 8, ""15:00"": 6}",4071.5584343526352,960.0,5031.558434352635,3874.3734597779953,4071.5584343526352,4834.373459777995,5031.558434352635,1892.3761384504228,2089.5611130250627,197.1849745746399,197.18497457464036,4.078811374735943,4834.373459777995,197.18497457464036,4.078811374735943,50,45,50,24,19,24,5.0,5.0,24,24,0,3,0,-3.0,0,0,0,0.0,0,3,0,-3.0,0,0,[],[],17.950290731117722,17:57,20.82334783610427,20:49,17.950290731117722,17:57,6.057988564593762,3.5480015458681424,38,105,3,3,0,[],0,5,True,True,True,True,True,True,0.7080000000000004,0.06666666666666667,1.0,0.6055555555555555,24,93,19,3,,,not_applicable_section_6_6_is_not_lns,
150,25,150c_cap25,dispatch_wave_constructed,results/hybrid_supplier_customer_kmeans_timing_waves_constructed_v1,run_2026_07_17_182633,2,run_2026_07_17_182633,True,main,true,not_applicable,hybrid_supplier_customer_kmeans_timing_waves_constructed_v1,depot_dispatch_waves_wave_constructed,,,,,"[9.0, 11.0, 13.0, 15.0]","[""09:00"", ""11:00"", ""13:00"", ""15:00""]",18.0,18:00,0.16666666666666669,30.0,0.5,30,8.0,08:00,13.0,13:00,15,42,3,5,42,75,57,93,supplier_region,global_depot_pool_by_dispatch_wave,"{""09:00"": 14, ""11:00"": 35, ""13:00"": 38, ""15:00"": 6}","{""09:00"": 3, ""11:00"": 4, ""13:00"": 4, ""15:00"": 2}",2860.0804427918415,600.0,3460.0804427918415,2860.0804427918415,,3460.0804427918415,,,,,,,3460.0804427918415,,,29,29,,13,13,,,,13,7,6,6,,,0,0,,,6,6,,,0,0,"[8, 9, 10, 11, 12, 13]","[1, 5, 8, 9, 25, 26, 32, 33, 35, 36, 40, 48, 49, 51, 53, 55, 59, 62, 63, 66, 67, 68, 70, 78, 85, 87, 88, 93, 96, 98, 99, 100, 104, 108, 117, 118, 122, 125, 129, 131, 133, 138, 147, 149]",20.82334783610427,20:49,20.82334783610427,20:49,,,6.535153316678922,5.201635254094652,24,105,,,,,,,False,False,True,True,True,True,0.7324137931034483,0.16,1.0,0.6707692307692308,13,93,13,0,,,not_applicable_section_6_6_is_not_lns,timing infeasible | routes exceed working day
150,25,150c_cap25,dispatch_wave_constructed_split_repair,results/hybrid_supplier_customer_kmeans_timing_waves_constructed_split_v1,run_2026_07_17_201718,1,run_2026_07_17_201718,True,main,true,true,hybrid_supplier_customer_kmeans_timing_waves_constructed_split_v1,depot_dispatch_waves_wave_constructed_with_duration_split_repair,depot_dispatch_waves_wave_constructed,same_wave_duration_split_with_2opt,"depot routes only, after per-wave post-relocation 2-opt",10,"[9.0, 11.0, 13.0, 15.0]","[""09:00"", ""11:00"", ""13:00"", ""15:00""]",18.0,18:00,0.16666666666666663,30.0,0.5,30,8.0,08:00,13.0,13:00,15,42,3,5,42,75,57,93,supplier_region,global_depot_pool_by_dispatch_wave,"{""09:00"": 14, ""11:00"": 35, ""13:00"": 38, ""15:00"": 6}","{""09:00"": 3, ""11:00"": 4, ""13:00"": 8, ""15:00"": 6}",3194.748056872987,600.0,3794.748056872987,2860.080442791842,3194.748056872987,3460.080442791842,3794.748056872987,1563.637749096914,1898.3053631780588,334.66761408114485,334.6676140811451,9.672249521780227,3460.0804427918415,334.66761408114553,9.672249521780241,37,29,37,21,13,21,8.0,8.0,21,21,0,6,0,-6.0,0,0,0,0.0,0,6,0,-6.0,0,0,[],[],17.938544166453035,17:56,20.82334783610427,20:49,17.938544166453035,17:56,6.253550550990617,3.751278354250888,39,105,6,6,0,[],0,8,True,True,True,True,True,True,0.574054054054054,0.04,1.0,0.4152380952380951,21,93,13,6,,,not_applicable_section_6_6_is_not_lns,
150,35,150c_cap35,dispatch_wave_constructed,results/hybrid_supplier_customer_kmeans_timing_waves_constructed_v1,run_2026_07_17_182634,2,run_2026_07_17_182634,True,main,true,not_applicable,hybrid_supplier_customer_kmeans_timing_waves_constructed_v1,depot_dispatch_waves_wave_constructed,,,,,"[9.0, 11.0, 13.0, 15.0]","[""09:00"", ""11:00"", ""13:00"", ""15:00""]",18.0,18:00,0.16666666666666666,30.0,0.5,30,8.0,08:00,13.0,13:00,15,42,3,5,42,75,57,93,supplier_region,global_depot_pool_by_dispatch_wave,"{""09:00"": 14, ""11:00"": 35, ""13:00"": 38, ""15:00"": 6}","{""09:00"": 3, ""11:00"": 4, ""13:00"": 4, ""15:00"": 2}",2570.1852948457035,480.0,3050.1852948457035,2570.1852948457035,,3050.1852948457035,,,,,,,3050.1852948457035,,,24,24,,13,13,,,,13,8,5,5,,,0,0,,,5,5,,,0,0,"[8, 9, 11, 12, 13]","[1, 8, 9, 25, 26, 32, 33, 35, 36, 40, 48, 49, 51, 53, 55, 59, 62, 63, 66, 67, 68, 70, 85, 87, 88, 93, 96, 98, 99, 100, 108, 117, 118, 122, 125, 129, 131, 133, 138, 149]",20.85623878460923,20:51,20.85623878460923,20:51,,,7.856238784609228,5.083899108625216,27,105,,,,,,,False,False,True,True,True,True,0.632142857142857,0.11428571428571428,0.9714285714285714,0.4791208791208791,13,93,13,0,,,not_applicable_section_6_6_is_not_lns,timing infeasible | routes exceed working day
150,35,150c_cap35,dispatch_wave_constructed_split_repair,results/hybrid_supplier_customer_kmeans_timing_waves_constructed_split_v1,run_2026_07_17_201719,1,run_2026_07_17_201719,True,main,true,true,hybrid_supplier_customer_kmeans_timing_waves_constructed_split_v1,depot_dispatch_waves_wave_constructed_with_duration_split_repair,depot_dispatch_waves_wave_constructed,same_wave_duration_split_with_2opt,"depot routes only, after per-wave post-relocation 2-opt",10,"[9.0, 11.0, 13.0, 15.0]","[""09:00"", ""11:00"", ""13:00"", ""15:00""]",18.0,18:00,0.1666666666666666,30.0,0.5,30,8.0,08:00,13.0,13:00,15,42,3,5,42,75,57,93,supplier_region,global_depot_pool_by_dispatch_wave,"{""09:00"": 14, ""11:00"": 35, ""13:00"": 38, ""15:00"": 6}","{""09:00"": 3, ""11:00"": 4, ""13:00"": 7, ""15:00"": 6}",2885.370370871191,480.0,3365.370370871191,2570.1852948457035,2885.370370871191,3050.1852948457035,3365.370370871191,1517.7206523638342,1832.905728389322,315.18507602548766,315.18507602548743,10.33330914545083,3050.1852948457035,315.18507602548743,10.33330914545083,31,24,31,20,13,20,7.0,7.0,20,20,0,5,0,-5.0,0,0,0,0.0,0,5,0,-5.0,0,0,[],[],17.938544166453035,17:56,20.85623878460923,20:51,17.938544166453035,17:56,6.442398616398559,3.8298428806488696,44,105,5,5,0,[],0,7,True,True,True,True,True,True,0.48940092165898613,0.02857142857142857,0.9714285714285714,0.31142857142857133,20,93,13,5,,,not_applicable_section_6_6_is_not_lns,
200,15,200c_cap15,dispatch_wave_constructed,results/hybrid_supplier_customer_kmeans_timing_waves_constructed_v1,run_2026_07_17_182635,2,run_2026_07_17_182635,True,main,true,not_applicable,hybrid_supplier_customer_kmeans_timing_waves_constructed_v1,depot_dispatch_waves_wave_constructed,,,,,"[9.0, 11.0, 13.0, 15.0]","[""09:00"", ""11:00"", ""13:00"", ""15:00""]",18.0,18:00,0.1666666666666666,30.0,0.5,30,8.0,08:00,13.0,13:00,15,42,3,5,42,100,69,131,supplier_region,global_depot_pool_by_dispatch_wave,"{""09:00"": 19, ""11:00"": 47, ""13:00"": 55, ""15:00"": 10}","{""09:00"": 4, ""11:00"": 9, ""13:00"": 9, ""15:00"": 2}",6553.070139052175,1840.0,8393.070139052175,6553.070139052175,,8393.070139052175,,,,,,,8393.070139052175,,,56,56,,24,24,,,,24,15,9,9,,,0,0,,,9,9,,,0,0,"[8, 15, 16, 18, 19, 20, 22, 23, 24]","[1, 5, 8, 18, 26, 33, 35, 36, 40, 49, 51, 53, 59, 63, 66, 67, 70, 75, 77, 78, 79, 85, 88, 96, 98, 99, 100, 104, 117, 118, 122, 125, 129, 130, 131, 134, 138, 147, 157, 158, 159, 162, 163, 165, 174, 179, 182, 186, 191, 192, 196, 198, 199]",23.180945389689626,23:11,23.180945389689626,23:11,,,8.855766620180018,5.491796408061483,21,105,,,,,,,False,False,True,True,True,True,0.8345238095238093,0.26666666666666666,1.0,0.8944444444444445,24,131,24,0,,,not_applicable_section_6_6_is_not_lns,timing infeasible | routes exceed working day
200,15,200c_cap15,dispatch_wave_constructed_split_repair,results/hybrid_supplier_customer_kmeans_timing_waves_constructed_split_v1,run_2026_07_17_201720,1,run_2026_07_17_201720,True,main,true,true,hybrid_supplier_customer_kmeans_timing_waves_constructed_split_v1,depot_dispatch_waves_wave_constructed_with_duration_split_repair,depot_dispatch_waves_wave_constructed,same_wave_duration_split_with_2opt,"depot routes only, after per-wave post-relocation 2-opt",10,"[9.0, 11.0, 13.0, 15.0]","[""09:00"", ""11:00"", ""13:00"", ""15:00""]",18.0,18:00,0.16666666666666674,30.0,0.5,30,8.0,08:00,13.0,13:00,15,42,3,5,42,100,69,131,supplier_region,global_depot_pool_by_dispatch_wave,"{""09:00"": 19, ""11:00"": 47, ""13:00"": 55, ""15:00"": 10}","{""09:00"": 4, ""11:00"": 10, ""13:00"": 18, ""15:00"": 9}",7677.341075118862,1840.0,9517.341075118862,6553.070139052177,7677.341075118862,8393.070139052177,9517.341075118862,3299.0934138042676,4423.3643498709525,1124.270936066685,1124.270936066685,13.395228652213408,8393.070139052175,1124.2709360666868,13.395228652213431,73,56,73,41,24,41,17.0,17.0,41,36,5,9,5,-4.0,0,0,0,0.0,5,9,5,-4.0,0,0,"[34, 35, 37, 39, 40]","[85, 96, 117, 138, 196]",18.86250333304849,18:52,23.180945389689626,23:11,18.86250333304849,18:52,8.855766620180018,4.128751503960126,40,105,9,7,2,"[85, 96, 117, 138, 196]",5,17,False,False,True,True,True,True,0.6401826484018268,0.06666666666666667,1.0,0.5235772357723575,41,131,24,9,,,not_applicable_section_6_6_is_not_lns,timing infeasible | routes exceed working day | unresolved same-wave split repair remains | unresolved customers after wave repair
200,25,200c_cap25,dispatch_wave_constructed,results/hybrid_supplier_customer_kmeans_timing_waves_constructed_v1,run_2026_07_17_182636,2,run_2026_07_17_182636,True,main,true,not_applicable,hybrid_supplier_customer_kmeans_timing_waves_constructed_v1,depot_dispatch_waves_wave_constructed,,,,,"[9.0, 11.0, 13.0, 15.0]","[""09:00"", ""11:00"", ""13:00"", ""15:00""]",18.0,18:00,0.16666666666666663,30.0,0.5,30,8.0,08:00,13.0,13:00,15,42,3,5,42,100,69,131,supplier_region,global_depot_pool_by_dispatch_wave,"{""09:00"": 19, ""11:00"": 47, ""13:00"": 55, ""15:00"": 10}","{""09:00"": 3, ""11:00"": 6, ""13:00"": 7, ""15:00"": 2}",4597.1162703424125,1120.0,5717.1162703424125,4597.1162703424125,,5717.1162703424125,,,,,,,5717.1162703424125,,,35,35,,18,18,,,,18,10,8,8,,,0,0,,,8,8,,,0,0,"[6, 11, 12, 14, 15, 16, 17, 18]","[3, 8, 25, 26, 32, 33, 35, 36, 38, 40, 48, 49, 51, 53, 55, 59, 63, 67, 70, 80, 85, 87, 88, 93, 96, 98, 99, 100, 109, 117, 118, 121, 122, 125, 126, 128, 129, 131, 133, 134, 135, 138, 149, 155, 157, 158, 159, 160, 163, 165, 168, 173, 174, 175, 182, 185, 186, 189, 190, 192, 194, 196, 198, 199]",23.180945389689626,23:11,23.180945389689626,23:11,,,8.182709273859608,5.9886235539477175,18,105,,,,,,,False,False,True,True,True,True,0.801142857142857,0.32,1.0,0.7155555555555556,18,131,18,0,,,not_applicable_section_6_6_is_not_lns,timing infeasible | routes exceed working day
200,25,200c_cap25,dispatch_wave_constructed_split_repair,results/hybrid_supplier_customer_kmeans_timing_waves_constructed_split_v1,run_2026_07_17_201721,1,run_2026_07_17_201721,True,main,true,true,hybrid_supplier_customer_kmeans_timing_waves_constructed_split_v1,depot_dispatch_waves_wave_constructed_with_duration_split_repair,depot_dispatch_waves_wave_constructed,same_wave_duration_split_with_2opt,"depot routes only, after per-wave post-relocation 2-opt",10,"[9.0, 11.0, 13.0, 15.0]","[""09:00"", ""11:00"", ""13:00"", ""15:00""]",18.0,18:00,0.1666666666666667,30.0,0.5,30,8.0,08:00,13.0,13:00,15,42,3,5,42,100,69,131,supplier_region,global_depot_pool_by_dispatch_wave,"{""09:00"": 19, ""11:00"": 47, ""13:00"": 55, ""15:00"": 10}","{""09:00"": 3, ""11:00"": 7, ""13:00"": 15, ""15:00"": 9}",5819.669302338162,1120.0,6939.669302338162,4597.1162703424125,5819.669302338162,5717.1162703424125,6939.669302338162,2578.8567191317684,3801.409751127518,1222.5530319957497,1222.5530319957497,21.384085510692753,5717.1162703424125,1222.5530319957497,21.384085510692753,51,35,51,34,18,34,16.0,16.0,34,29,5,8,5,-3.0,0,0,0,0.0,5,8,5,-3.0,0,0,"[27, 28, 30, 32, 33]","[85, 96, 117, 138, 196]",18.86250333304849,18:52,23.180945389689626,23:11,18.86250333304849,18:52,6.645069474328499,4.369029167772077,41,105,8,6,2,"[85, 96, 117, 138, 196]",5,16,False,False,True,True,True,True,0.5498039215686273,0.04,1.0,0.37882352941176434,34,131,18,8,,,not_applicable_section_6_6_is_not_lns,timing infeasible | routes exceed working day | unresolved same-wave split repair remains | unresolved customers after wave repair
200,35,200c_cap35,dispatch_wave_constructed,results/hybrid_supplier_customer_kmeans_timing_waves_constructed_v1,run_2026_07_17_182637,2,run_2026_07_17_182637,True,main,true,not_applicable,hybrid_supplier_customer_kmeans_timing_waves_constructed_v1,depot_dispatch_waves_wave_constructed,,,,,"[9.0, 11.0, 13.0, 15.0]","[""09:00"", ""11:00"", ""13:00"", ""15:00""]",18.0,18:00,0.16666666666666666,30.0,0.5,30,8.0,08:00,13.0,13:00,15,42,3,5,42,100,69,131,supplier_region,global_depot_pool_by_dispatch_wave,"{""09:00"": 19, ""11:00"": 47, ""13:00"": 55, ""15:00"": 10}","{""09:00"": 3, ""11:00"": 4, ""13:00"": 4, ""15:00"": 2}",3794.087184073236,880.0,4674.087184073236,3794.087184073236,,4674.087184073236,,,,,,,4674.087184073236,,,26,26,,13,13,,,,13,3,10,10,,,0,0,,,10,10,,,0,0,"[4, 5, 6, 7, 8, 9, 10, 11, 12, 13]","[1, 3, 4, 5, 8, 9, 11, 17, 18, 23, 25, 26, 30, 32, 33, 35, 36, 37, 38, 40, 41, 48, 49, 51, 53, 55, 59, 60, 62, 63, 66, 67, 68, 70, 72, 73, 75, 77, 78, 79, 80, 81, 83, 85, 87, 88, 89, 93, 94, 95, 96, 98, 99, 100, 104, 108, 109, 111, 115, 116, 117, 118, 121, 122, 124, 125, 126, 127, 128, 129, 130, 131, 133, 134, 135, 138, 139, 147, 149, 151, 155, 157, 158, 159, 160, 162, 163, 165, 166, 168, 171, 173, 174, 175, 176, 177, 178, 179, 182, 183, 185, 186, 188, 189, 190, 191, 192, 194, 196, 198, 199, 200]",23.7066347845685,23:42,23.7066347845685,23:42,,,10.706634784568498,7.5585439805025825,17,105,,,,,,,False,False,True,True,True,True,0.7703296703296704,0.17142857142857143,1.0,0.7076923076923076,13,131,13,0,,,not_applicable_section_6_6_is_not_lns,timing infeasible | routes exceed working day
200,35,200c_cap35,dispatch_wave_constructed_split_repair,results/hybrid_supplier_customer_kmeans_timing_waves_constructed_split_v1,run_2026_07_17_201721,1,run_2026_07_17_201721,True,main,true,true,hybrid_supplier_customer_kmeans_timing_waves_constructed_split_v1,depot_dispatch_waves_wave_constructed_with_duration_split_repair,depot_dispatch_waves_wave_constructed,same_wave_duration_split_with_2opt,"depot routes only, after per-wave post-relocation 2-opt",10,"[9.0, 11.0, 13.0, 15.0]","[""09:00"", ""11:00"", ""13:00"", ""15:00""]",18.0,18:00,0.1666666666666667,30.0,0.5,30,8.0,08:00,13.0,13:00,15,42,3,5,42,100,69,131,supplier_region,global_depot_pool_by_dispatch_wave,"{""09:00"": 19, ""11:00"": 47, ""13:00"": 55, ""15:00"": 10}","{""09:00"": 3, ""11:00"": 8, ""13:00"": 16, ""15:00"": 9}",5558.666160462228,880.0,6438.666160462228,3794.087184073237,5558.666160462228,4674.087184073237,6438.666160462228,2292.8321523960076,4057.4111287849983,1764.5789763889907,1764.5789763889907,37.752376173078716,4674.087184073236,1764.5789763889916,37.752376173078744,49,26,49,36,13,36,23.0,23.0,36,31,5,10,5,-5.0,0,0,0,0.0,5,10,5,-5.0,0,0,"[29, 30, 32, 34, 35]","[85, 96, 117, 138, 196]",18.86250333304849,18:52,23.7066347845685,23:42,18.86250333304849,18:52,6.0816997302686655,4.363343637763888,43,105,10,8,2,"[85, 96, 117, 138, 196]",5,23,False,False,True,True,True,True,0.40874635568513096,0.02857142857142857,1.0,0.2555555555555554,36,131,13,10,,,not_applicable_section_6_6_is_not_lns,timing infeasible | routes exceed working day | unresolved same-wave split repair remains | unresolved customers after wave repair
