timing_lns_scenario,operator_pair,instance_name,customer_count,vehicle_capacity,baseline_reference_scenario,baseline_run_path,baseline_reference_system_distance,total_lns_system_distance,system_improvement_distance,system_improvement_percent,baseline_reference_customer_delivery_distance,customer_delivery_lns_distance,customer_delivery_improvement_distance,customer_delivery_improvement_percent,supplier_depot_replenishment_distance,depot_timing_feasibility_after_lns,n_depot_timing_infeasible_routes,latest_depot_route_finish_time_after_lns_label,n_remove,rejected_infeasible_moves,notes_or_warnings
fixed_split,random_regret,20c_cap15,20,15,fixed_timing_split_repair,/Users/danishali/Desktop/Desktop - Danish’s MacBook Air/Master Thesis/results/hybrid_supplier_customer_kmeans_timing_fixed_split_v1/20c_cap15/run_2026_07_16_190958,114.78113835043219,108.21746207443732,6.563676275994865,5.718427583420243,90.78113835043219,84.21746207443732,6.563676275994865,7.230220280624645,24.0,True,0,10:45,3,0,
fixed_split,random_regret,20c_cap25,20,25,fixed_timing_split_repair,/Users/danishali/Desktop/Desktop - Danish’s MacBook Air/Master Thesis/results/hybrid_supplier_customer_kmeans_timing_fixed_split_v1/20c_cap25/run_2026_07_16_190958,97.43109878717637,90.75822855161768,6.67287023555869,6.848809382858932,73.43109878717637,66.75822855161768,6.67287023555869,9.08725369192488,24.0,True,0,10:58,5,0,
fixed_split,random_regret,20c_cap35,20,35,fixed_timing_split_repair,/Users/danishali/Desktop/Desktop - Danish’s MacBook Air/Master Thesis/results/hybrid_supplier_customer_kmeans_timing_fixed_split_v1/20c_cap35/run_2026_07_16_190958,97.43109878717637,86.77406702661598,10.657031760560386,10.938018654432991,73.43109878717637,62.77406702661598,10.657031760560386,14.512967852282058,24.0,True,0,12:12,3,0,
fixed_split,random_regret,40c_cap15,40,15,fixed_timing_split_repair,/Users/danishali/Desktop/Desktop - Danish’s MacBook Air/Master Thesis/results/hybrid_supplier_customer_kmeans_timing_fixed_split_v1/40c_cap15/run_2026_07_16_190959,388.99911567690134,378.8707640827188,10.128351594182561,2.603695274874369,292.99911567690134,282.8707640827188,10.128351594182561,3.4567857212754833,96.0,True,0,11:13,6,0,
fixed_split,random_regret,40c_cap25,40,25,fixed_timing_split_repair,/Users/danishali/Desktop/Desktop - Danish’s MacBook Air/Master Thesis/results/hybrid_supplier_customer_kmeans_timing_fixed_split_v1/40c_cap25/run_2026_07_16_190959,263.18474879574904,254.47961641307649,8.70513238267256,3.307612778667654,215.18474879574904,206.47961641307649,8.70513238267256,4.0454225642800425,48.0,True,0,11:50,5,0,
fixed_split,random_regret,40c_cap35,40,35,fixed_timing_split_repair,/Users/danishali/Desktop/Desktop - Danish’s MacBook Air/Master Thesis/results/hybrid_supplier_customer_kmeans_timing_fixed_split_v1/40c_cap35/run_2026_07_16_191000,252.62300192541986,233.1465666365013,19.476435288918566,7.709684051125502,204.62300192541986,185.1465666365013,19.476435288918566,9.518204261326034,48.0,True,0,12:44,2,0,
fixed_split,random_regret,60c_cap15,60,15,fixed_timing_split_repair,/Users/danishali/Desktop/Desktop - Danish’s MacBook Air/Master Thesis/results/hybrid_supplier_customer_kmeans_timing_fixed_split_v1/60c_cap15/run_2026_07_16_191000,854.5752543717753,830.0900319492309,24.485222422544325,2.8651920702459575,662.5752543717753,638.0900319492309,24.485222422544325,3.695462856632057,192.0,True,0,12:11,13,0,
fixed_split,random_regret,60c_cap25,60,25,fixed_timing_split_repair,/Users/danishali/Desktop/Desktop - Danish’s MacBook Air/Master Thesis/results/hybrid_supplier_customer_kmeans_timing_fixed_split_v1/60c_cap25/run_2026_07_16_191000,610.5700029166521,575.5461611703354,35.02384174631675,5.736253268095418,490.5700029166522,455.5461611703353,35.02384174631686,7.139417725927977,120.0,True,0,12:43,11,0,
fixed_split,random_regret,60c_cap35,60,35,fixed_timing_split_repair,/Users/danishali/Desktop/Desktop - Danish’s MacBook Air/Master Thesis/results/hybrid_supplier_customer_kmeans_timing_fixed_split_v1/60c_cap35/run_2026_07_16_191001,485.68962645828617,460.05139427528934,25.63823218299683,5.278727563105321,413.68962645828617,388.05139427528934,25.63823218299683,6.197455904923936,72.0,True,0,13:28,9,0,
fixed_split,random_regret,80c_cap15,80,15,fixed_timing_split_repair,/Users/danishali/Desktop/Desktop - Danish’s MacBook Air/Master Thesis/results/hybrid_supplier_customer_kmeans_timing_fixed_split_v1/80c_cap15/run_2026_07_16_191002,1367.172588688274,1307.9784385015103,59.194150186763636,4.32967649267728,1079.172588688274,1019.9784385015103,59.194150186763636,5.485142117880669,288.0,True,0,12:01,5,0,
fixed_split,random_regret,80c_cap25,80,25,fixed_timing_split_repair,/Users/danishali/Desktop/Desktop - Danish’s MacBook Air/Master Thesis/results/hybrid_supplier_customer_kmeans_timing_fixed_split_v1/80c_cap25/run_2026_07_16_191002,937.7449181373408,898.7566197509722,38.98829838636868,4.157665654303072,745.7449181373408,706.7566197509722,38.98829838636868,5.228101115827968,192.0,True,0,13:29,15,0,
fixed_split,random_regret,80c_cap35,80,35,fixed_timing_split_repair,/Users/danishali/Desktop/Desktop - Danish’s MacBook Air/Master Thesis/results/hybrid_supplier_customer_kmeans_timing_fixed_split_v1/80c_cap35/run_2026_07_16_191003,780.3949986042885,764.9642515532304,15.43074705105812,1.9772995827312474,620.3949986042885,604.9642515532304,15.43074705105812,2.4872455590023925,160.0,True,0,13:57,16,0,
fixed_split,random_regret,100c_cap15,100,15,fixed_timing_split_repair,/Users/danishali/Desktop/Desktop - Danish’s MacBook Air/Master Thesis/results/hybrid_supplier_customer_kmeans_timing_fixed_split_v1/100c_cap15/run_2026_07_16_191003,1988.3882132372098,1926.5764910870855,61.8117221501243,3.1086345080215136,1548.3882132372098,1486.5764910870855,61.8117221501243,3.992004177098116,440.0,True,0,12:44,13,0,
fixed_split,random_regret,100c_cap25,100,25,fixed_timing_split_repair,/Users/danishali/Desktop/Desktop - Danish’s MacBook Air/Master Thesis/results/hybrid_supplier_customer_kmeans_timing_fixed_split_v1/100c_cap25/run_2026_07_16_191004,1427.8336358545364,1373.0484596100048,54.78517624453161,3.836943945625957,1107.8336358545364,1053.0484596100048,54.78517624453161,4.945253011953607,320.0,True,0,13:19,9,0,
fixed_split,random_regret,100c_cap35,100,35,fixed_timing_split_repair,/Users/danishali/Desktop/Desktop - Danish’s MacBook Air/Master Thesis/results/hybrid_supplier_customer_kmeans_timing_fixed_split_v1/100c_cap35/run_2026_07_16_191005,1180.2984713334815,1101.9290122102143,78.36945912326723,6.639800103674347,940.2984713334815,861.9290122102142,78.36945912326735,8.334530100014724,240.0,True,0,14:50,25,0,
fixed_split,random_regret,150c_cap15,150,15,fixed_timing_split_repair,/Users/danishali/Desktop/Desktop - Danish’s MacBook Air/Master Thesis/results/hybrid_supplier_customer_kmeans_timing_fixed_split_v1/150c_cap15/run_2026_07_16_191005,4367.799321342537,4277.969845445932,89.82947589660489,2.0566301079279867,3407.799321342537,3317.9698454459317,89.82947589660535,2.635996648453352,960.0,True,0,14:36,12,0,
fixed_split,random_regret,150c_cap25,150,25,fixed_timing_split_repair,/Users/danishali/Desktop/Desktop - Danish’s MacBook Air/Master Thesis/results/hybrid_supplier_customer_kmeans_timing_fixed_split_v1/150c_cap25/run_2026_07_16_191006,2935.1454350079275,2858.824857582935,76.32057742499273,2.6002315426930998,2335.1454350079275,2258.824857582935,76.32057742499273,3.268343644931633,600.0,True,0,16:18,10,0,
fixed_split,random_regret,150c_cap35,150,35,fixed_timing_split_repair,/Users/danishali/Desktop/Desktop - Danish’s MacBook Air/Master Thesis/results/hybrid_supplier_customer_kmeans_timing_fixed_split_v1/150c_cap35/run_2026_07_16_191007,2425.6999709924216,2338.188469539439,87.51150145298243,3.607680360287057,1945.6999709924216,1858.1884695394392,87.51150145298243,4.497687349419366,480.0,True,0,16:01,10,0,
fixed_split,random_regret,200c_cap15,200,15,fixed_timing_split_repair,/Users/danishali/Desktop/Desktop - Danish’s MacBook Air/Master Thesis/results/hybrid_supplier_customer_kmeans_timing_fixed_split_v1/200c_cap15/run_2026_07_16_191008,7659.378827824319,7462.994807695374,196.38402012894494,2.563967973689176,5819.378827824319,5622.994807695374,196.38402012894494,3.3746560576185534,1840.0,True,0,15:57,8,0,
fixed_split,random_regret,200c_cap25,200,25,fixed_timing_split_repair,/Users/danishali/Desktop/Desktop - Danish’s MacBook Air/Master Thesis/results/hybrid_supplier_customer_kmeans_timing_fixed_split_v1/200c_cap25/run_2026_07_16_191010,4969.3166447342355,4880.463027911117,88.8536168231185,1.7880449803349265,3849.316644734236,3760.4630279111175,88.8536168231185,2.3082958619335177,1120.0,True,0,17:18,25,0,
fixed_split,random_regret,200c_cap35,200,35,fixed_timing_split_repair,/Users/danishali/Desktop/Desktop - Danish’s MacBook Air/Master Thesis/results/hybrid_supplier_customer_kmeans_timing_fixed_split_v1/200c_cap35/run_2026_07_16_191012,3943.2673060452103,3740.8803165176855,202.38698952752475,5.13246944271965,3063.2673060452103,2860.8803165176855,202.38698952752475,6.6068994086191495,880.0,True,0,16:54,52,0,
fixed_split,related_regret,20c_cap15,20,15,fixed_timing_split_repair,/Users/danishali/Desktop/Desktop - Danish’s MacBook Air/Master Thesis/results/hybrid_supplier_customer_kmeans_timing_fixed_split_v1/20c_cap15/run_2026_07_16_190958,114.78113835043219,108.21746207443732,6.563676275994865,5.718427583420243,90.78113835043219,84.21746207443732,6.563676275994865,7.230220280624645,24.0,True,0,10:45,3,0,
fixed_split,related_regret,20c_cap25,20,25,fixed_timing_split_repair,/Users/danishali/Desktop/Desktop - Danish’s MacBook Air/Master Thesis/results/hybrid_supplier_customer_kmeans_timing_fixed_split_v1/20c_cap25/run_2026_07_16_190958,97.43109878717637,90.75822855161768,6.67287023555869,6.848809382858932,73.43109878717637,66.75822855161768,6.67287023555869,9.08725369192488,24.0,True,0,10:58,3,0,
fixed_split,related_regret,20c_cap35,20,35,fixed_timing_split_repair,/Users/danishali/Desktop/Desktop - Danish’s MacBook Air/Master Thesis/results/hybrid_supplier_customer_kmeans_timing_fixed_split_v1/20c_cap35/run_2026_07_16_190958,97.43109878717637,86.77406702661598,10.657031760560386,10.938018654432991,73.43109878717637,62.77406702661598,10.657031760560386,14.512967852282058,24.0,True,0,12:12,3,0,
fixed_split,related_regret,40c_cap15,40,15,fixed_timing_split_repair,/Users/danishali/Desktop/Desktop - Danish’s MacBook Air/Master Thesis/results/hybrid_supplier_customer_kmeans_timing_fixed_split_v1/40c_cap15/run_2026_07_16_190959,388.99911567690134,378.8707640827188,10.128351594182561,2.603695274874369,292.99911567690134,282.8707640827188,10.128351594182561,3.4567857212754833,96.0,True,0,11:13,5,0,
fixed_split,related_regret,40c_cap25,40,25,fixed_timing_split_repair,/Users/danishali/Desktop/Desktop - Danish’s MacBook Air/Master Thesis/results/hybrid_supplier_customer_kmeans_timing_fixed_split_v1/40c_cap25/run_2026_07_16_190959,263.18474879574904,254.71032519132592,8.474423604423123,3.2199523882745598,215.18474879574904,206.71032519132592,8.474423604423123,3.938208284671211,48.0,True,0,11:50,2,0,
fixed_split,related_regret,40c_cap35,40,35,fixed_timing_split_repair,/Users/danishali/Desktop/Desktop - Danish’s MacBook Air/Master Thesis/results/hybrid_supplier_customer_kmeans_timing_fixed_split_v1/40c_cap35/run_2026_07_16_191000,252.62300192541986,233.1465666365013,19.476435288918566,7.709684051125502,204.62300192541986,185.1465666365013,19.476435288918566,9.518204261326034,48.0,True,0,12:44,3,0,
fixed_split,related_regret,60c_cap15,60,15,fixed_timing_split_repair,/Users/danishali/Desktop/Desktop - Danish’s MacBook Air/Master Thesis/results/hybrid_supplier_customer_kmeans_timing_fixed_split_v1/60c_cap15/run_2026_07_16_191000,854.5752543717753,827.7639277739154,26.811326597859875,3.137386258343007,662.5752543717753,635.7639277739154,26.811326597859875,4.046533042240039,192.0,True,0,12:06,9,0,
fixed_split,related_regret,60c_cap25,60,25,fixed_timing_split_repair,/Users/danishali/Desktop/Desktop - Danish’s MacBook Air/Master Thesis/results/hybrid_supplier_customer_kmeans_timing_fixed_split_v1/60c_cap25/run_2026_07_16_191000,610.5700029166521,575.2370106123944,35.33299230425769,5.7868863742853955,490.5700029166522,455.2370106123944,35.3329923042578,7.202436368752223,120.0,True,0,12:32,8,0,
fixed_split,related_regret,60c_cap35,60,35,fixed_timing_split_repair,/Users/danishali/Desktop/Desktop - Danish’s MacBook Air/Master Thesis/results/hybrid_supplier_customer_kmeans_timing_fixed_split_v1/60c_cap35/run_2026_07_16_191001,485.68962645828617,460.05139427528934,25.63823218299683,5.278727563105321,413.68962645828617,388.05139427528934,25.63823218299683,6.197455904923936,72.0,True,0,13:28,11,0,
fixed_split,related_regret,80c_cap15,80,15,fixed_timing_split_repair,/Users/danishali/Desktop/Desktop - Danish’s MacBook Air/Master Thesis/results/hybrid_supplier_customer_kmeans_timing_fixed_split_v1/80c_cap15/run_2026_07_16_191002,1367.172588688274,1305.7298578266905,61.442730861583414,4.494145901545195,1079.172588688274,1017.7298578266905,61.442730861583414,5.693503662492631,288.0,True,0,12:10,10,0,
fixed_split,related_regret,80c_cap25,80,25,fixed_timing_split_repair,/Users/danishali/Desktop/Desktop - Danish’s MacBook Air/Master Thesis/results/hybrid_supplier_customer_kmeans_timing_fixed_split_v1/80c_cap25/run_2026_07_16_191002,937.7449181373408,903.5692716443932,34.175646492947635,3.6444501944975958,745.7449181373408,711.5692716443932,34.175646492947635,4.582752850439625,192.0,True,0,13:29,11,0,
fixed_split,related_regret,80c_cap35,80,35,fixed_timing_split_repair,/Users/danishali/Desktop/Desktop - Danish’s MacBook Air/Master Thesis/results/hybrid_supplier_customer_kmeans_timing_fixed_split_v1/80c_cap35/run_2026_07_16_191003,780.3949986042885,739.1665693779272,41.2284292263613,5.283020688253645,620.3949986042885,579.1665693779272,41.2284292263613,6.6455128295865515,160.0,True,0,13:57,12,0,
fixed_split,related_regret,100c_cap15,100,15,fixed_timing_split_repair,/Users/danishali/Desktop/Desktop - Danish’s MacBook Air/Master Thesis/results/hybrid_supplier_customer_kmeans_timing_fixed_split_v1/100c_cap15/run_2026_07_16_191003,1988.3882132372098,1908.9285459851376,79.45966725207222,3.996184785399997,1548.3882132372098,1468.9285459851376,79.45966725207222,5.131766476441084,440.0,True,0,12:37,8,0,
fixed_split,related_regret,100c_cap25,100,25,fixed_timing_split_repair,/Users/danishali/Desktop/Desktop - Danish’s MacBook Air/Master Thesis/results/hybrid_supplier_customer_kmeans_timing_fixed_split_v1/100c_cap25/run_2026_07_16_191004,1427.8336358545364,1376.9562830366933,50.877352817843075,3.5632549577383896,1107.8336358545364,1056.9562830366933,50.877352817843075,4.592508402996667,320.0,True,0,13:19,8,0,
fixed_split,related_regret,100c_cap35,100,35,fixed_timing_split_repair,/Users/danishali/Desktop/Desktop - Danish’s MacBook Air/Master Thesis/results/hybrid_supplier_customer_kmeans_timing_fixed_split_v1/100c_cap35/run_2026_07_16_191005,1180.2984713334815,1101.9290122102143,78.36945912326723,6.639800103674347,940.2984713334815,861.9290122102142,78.36945912326735,8.334530100014724,240.0,True,0,14:50,12,0,
fixed_split,related_regret,150c_cap15,150,15,fixed_timing_split_repair,/Users/danishali/Desktop/Desktop - Danish’s MacBook Air/Master Thesis/results/hybrid_supplier_customer_kmeans_timing_fixed_split_v1/150c_cap15/run_2026_07_16_191005,4367.799321342537,4251.761705558525,116.0376157840119,2.6566608776418152,3407.799321342537,3291.7617055585256,116.03761578401145,3.405060123619523,960.0,True,0,14:20,16,0,
fixed_split,related_regret,150c_cap25,150,25,fixed_timing_split_repair,/Users/danishali/Desktop/Desktop - Danish’s MacBook Air/Master Thesis/results/hybrid_supplier_customer_kmeans_timing_fixed_split_v1/150c_cap25/run_2026_07_16_191006,2935.1454350079275,2861.8674211034527,73.27801390447485,2.4965718233405676,2335.1454350079275,2261.8674211034527,73.27801390447485,3.1380492540596756,600.0,True,0,15:13,25,0,
fixed_split,related_regret,150c_cap35,150,35,fixed_timing_split_repair,/Users/danishali/Desktop/Desktop - Danish’s MacBook Air/Master Thesis/results/hybrid_supplier_customer_kmeans_timing_fixed_split_v1/150c_cap35/run_2026_07_16_191007,2425.6999709924216,2334.574697120456,91.12527387196542,3.75665890100512,1945.6999709924216,1854.5746971204564,91.12527387196519,4.68341857586018,480.0,True,0,17:10,21,0,
fixed_split,related_regret,200c_cap15,200,15,fixed_timing_split_repair,/Users/danishali/Desktop/Desktop - Danish’s MacBook Air/Master Thesis/results/hybrid_supplier_customer_kmeans_timing_fixed_split_v1/200c_cap15/run_2026_07_16_191008,7659.378827824319,7506.309620362662,153.06920746165724,1.998454586233558,5819.378827824319,5666.309620362662,153.06920746165724,2.630335848386158,1840.0,True,0,15:25,4,0,
fixed_split,related_regret,200c_cap25,200,25,fixed_timing_split_repair,/Users/danishali/Desktop/Desktop - Danish’s MacBook Air/Master Thesis/results/hybrid_supplier_customer_kmeans_timing_fixed_split_v1/200c_cap25/run_2026_07_16_191010,4969.3166447342355,4868.437015441494,100.87962929274181,2.0300503369943126,3849.316644734236,3748.437015441494,100.87962929274181,2.6207152750279064,1120.0,True,0,16:33,28,0,
fixed_split,related_regret,200c_cap35,200,35,fixed_timing_split_repair,/Users/danishali/Desktop/Desktop - Danish’s MacBook Air/Master Thesis/results/hybrid_supplier_customer_kmeans_timing_fixed_split_v1/200c_cap35/run_2026_07_16_191012,3943.2673060452103,3727.347524716412,215.9197813287983,5.475656722479435,3063.2673060452103,2847.347524716412,215.9197813287983,7.048675801249569,880.0,True,0,16:40,30,0,
wave_speed30_14wave_split,random_regret,20c_cap15,20,15,dispatch_wave_speed30_14wave_split_repair,/Users/danishali/Desktop/Desktop - Danish’s MacBook Air/Master Thesis/results/hybrid_supplier_customer_kmeans_timing_waves_constructed_split_14wave_v1/20c_cap15/run_2026_07_17_212253,139.58790101324328,135.04447944571342,4.543421567529862,3.254882073983481,115.58790101324328,111.0444794457134,4.543421567529876,3.9307068713094124,24.0,True,0,14:20,2,0,
wave_speed30_14wave_split,random_regret,20c_cap25,20,25,dispatch_wave_speed30_14wave_split_repair,/Users/danishali/Desktop/Desktop - Danish’s MacBook Air/Master Thesis/results/hybrid_supplier_customer_kmeans_timing_waves_constructed_split_14wave_v1/20c_cap25/run_2026_07_17_212254,122.23786144998746,117.69443988245759,4.543421567529876,3.7168693182584653,98.23786144998746,93.69443988245759,4.543421567529876,4.624919048999163,24.0,True,0,14:20,2,0,
wave_speed30_14wave_split,random_regret,20c_cap35,20,35,dispatch_wave_speed30_14wave_split_repair,/Users/danishali/Desktop/Desktop - Danish’s MacBook Air/Master Thesis/results/hybrid_supplier_customer_kmeans_timing_waves_constructed_split_14wave_v1/20c_cap35/run_2026_07_17_212254,122.23786144998746,117.69443988245759,4.543421567529876,3.7168693182584653,98.23786144998746,93.69443988245759,4.543421567529876,4.624919048999163,24.0,True,0,14:20,2,0,
wave_speed30_14wave_split,random_regret,40c_cap15,40,15,dispatch_wave_speed30_14wave_split_repair,/Users/danishali/Desktop/Desktop - Danish’s MacBook Air/Master Thesis/results/hybrid_supplier_customer_kmeans_timing_waves_constructed_split_14wave_v1/40c_cap15/run_2026_07_17_212255,462.0353041541975,446.03980625415386,15.995497900043631,3.4619644335025463,366.0353041541975,350.03980625415386,15.995497900043631,4.369933096209022,96.0,True,0,15:23,3,0,
wave_speed30_14wave_split,random_regret,40c_cap25,40,25,dispatch_wave_speed30_14wave_split_repair,/Users/danishali/Desktop/Desktop - Danish’s MacBook Air/Master Thesis/results/hybrid_supplier_customer_kmeans_timing_waves_constructed_split_14wave_v1/40c_cap25/run_2026_07_17_212255,352.4975153824383,327.20526874744905,25.292246634989226,7.175156002886625,304.4975153824383,279.20526874744905,25.292246634989226,8.306224306370135,48.0,True,0,16:39,5,0,
wave_speed30_14wave_split,random_regret,40c_cap35,40,35,dispatch_wave_speed30_14wave_split_repair,/Users/danishali/Desktop/Desktop - Danish’s MacBook Air/Master Thesis/results/hybrid_supplier_customer_kmeans_timing_waves_constructed_split_14wave_v1/40c_cap35/run_2026_07_17_212256,349.7402549291218,315.25859087837415,34.48166405074767,9.859220825962886,301.7402549291218,267.25859087837415,34.48166405074767,11.42759823638624,48.0,True,0,16:39,5,0,
wave_speed30_14wave_split,random_regret,60c_cap15,60,15,dispatch_wave_speed30_14wave_split_repair,/Users/danishali/Desktop/Desktop - Danish’s MacBook Air/Master Thesis/results/hybrid_supplier_customer_kmeans_timing_waves_constructed_split_14wave_v1/60c_cap15/run_2026_07_17_212256,966.5622095668546,929.3666802864236,37.19552928043095,3.848229209902524,774.5622095668546,737.3666802864236,37.19552928043095,4.802135815692735,192.0,True,0,15:49,4,0,
wave_speed30_14wave_split,random_regret,60c_cap25,60,25,dispatch_wave_speed30_14wave_split_repair,/Users/danishali/Desktop/Desktop - Danish’s MacBook Air/Master Thesis/results/hybrid_supplier_customer_kmeans_timing_waves_constructed_split_14wave_v1/60c_cap25/run_2026_07_17_212257,734.4171214434904,697.6128575068293,36.80426393666107,5.011357015250764,614.4171214434904,577.6128575068293,36.80426393666107,5.990110407436955,120.0,True,0,16:57,3,0,
wave_speed30_14wave_split,random_regret,60c_cap35,60,35,dispatch_wave_speed30_14wave_split_repair,/Users/danishali/Desktop/Desktop - Danish’s MacBook Air/Master Thesis/results/hybrid_supplier_customer_kmeans_timing_waves_constructed_split_14wave_v1/60c_cap35/run_2026_07_17_212257,631.6834867460417,597.498061908772,34.18542483726969,5.4117965016573875,559.6834867460417,525.498061908772,34.18542483726969,6.1079924004942905,72.0,True,0,16:57,7,0,
wave_speed30_14wave_split,random_regret,80c_cap15,80,15,dispatch_wave_speed30_14wave_split_repair,/Users/danishali/Desktop/Desktop - Danish’s MacBook Air/Master Thesis/results/hybrid_supplier_customer_kmeans_timing_waves_constructed_split_14wave_v1/80c_cap15/run_2026_07_17_212258,1507.7653021673277,1438.1905543030598,69.57474786426792,4.614428237886767,1219.7653021673277,1150.1905543030598,69.57474786426792,5.7039454836635155,288.0,True,0,16:40,5,0,
wave_speed30_14wave_split,random_regret,80c_cap25,80,25,dispatch_wave_speed30_14wave_split_repair,/Users/danishali/Desktop/Desktop - Danish’s MacBook Air/Master Thesis/results/hybrid_supplier_customer_kmeans_timing_waves_constructed_split_14wave_v1/80c_cap25/run_2026_07_17_212258,1148.9299630247156,1079.5564172239456,69.37354580076999,6.038100496407512,956.9299630247157,887.5564172239457,69.37354580076999,7.249594900497248,192.0,True,0,17:09,9,0,
wave_speed30_14wave_split,random_regret,80c_cap35,80,35,dispatch_wave_speed30_14wave_split_repair,/Users/danishali/Desktop/Desktop - Danish’s MacBook Air/Master Thesis/results/hybrid_supplier_customer_kmeans_timing_waves_constructed_split_14wave_v1/80c_cap35/run_2026_07_17_212259,1011.4859000471055,967.9469535376667,43.5389465094388,4.304454121150989,851.4859000471055,807.9469535376667,43.5389465094388,5.113290367700764,160.0,True,0,17:09,10,0,
wave_speed30_14wave_split,random_regret,100c_cap15,100,15,dispatch_wave_speed30_14wave_split_repair,/Users/danishali/Desktop/Desktop - Danish’s MacBook Air/Master Thesis/results/hybrid_supplier_customer_kmeans_timing_waves_constructed_split_14wave_v1/100c_cap15/run_2026_07_17_212259,2257.7083726663295,2180.0126661067334,77.69570655959615,3.4413526343899923,1817.7083726663295,1740.0126661067336,77.69570655959592,4.274376887290614,440.0,True,0,16:50,13,0,
wave_speed30_14wave_split,random_regret,100c_cap25,100,25,dispatch_wave_speed30_14wave_split_repair,/Users/danishali/Desktop/Desktop - Danish’s MacBook Air/Master Thesis/results/hybrid_supplier_customer_kmeans_timing_waves_constructed_split_14wave_v1/100c_cap25/run_2026_07_17_212300,1753.487371849026,1654.9459460206851,98.54142582834083,5.61973969190496,1433.487371849026,1334.9459460206851,98.54142582834083,6.874244430994482,320.0,True,0,17:28,9,0,
wave_speed30_14wave_split,random_regret,100c_cap35,100,35,dispatch_wave_speed30_14wave_split_repair,/Users/danishali/Desktop/Desktop - Danish’s MacBook Air/Master Thesis/results/hybrid_supplier_customer_kmeans_timing_waves_constructed_split_14wave_v1/100c_cap35/run_2026_07_17_212300,1582.006811234781,1434.0339537229906,147.97285751179038,9.353490545106771,1342.006811234781,1194.0339537229906,147.97285751179038,11.02623744328395,240.0,True,0,17:41,8,0,
wave_speed30_14wave_split,random_regret,150c_cap15,150,15,dispatch_wave_speed30_14wave_split_repair,/Users/danishali/Desktop/Desktop - Danish’s MacBook Air/Master Thesis/results/hybrid_supplier_customer_kmeans_timing_waves_constructed_split_14wave_v1/150c_cap15/run_2026_07_17_212301,4965.640936704038,4823.519031986575,142.1219047174627,2.862105950250133,4005.6409367040374,3863.519031986575,142.12190471746226,3.5480440449663586,960.0,True,0,17:55,11,0,
wave_speed30_14wave_split,random_regret,150c_cap25,150,25,dispatch_wave_speed30_14wave_split_repair,/Users/danishali/Desktop/Desktop - Danish’s MacBook Air/Master Thesis/results/hybrid_supplier_customer_kmeans_timing_waves_constructed_split_14wave_v1/150c_cap25/run_2026_07_17_212301,3728.830559224389,3550.5824450673713,178.24811415701788,4.780268540657266,3128.830559224389,2950.5824450673713,178.24811415701788,5.6969564437265054,600.0,True,0,17:58,5,0,
wave_speed30_14wave_split,random_regret,150c_cap35,150,35,dispatch_wave_speed30_14wave_split_repair,/Users/danishali/Desktop/Desktop - Danish’s MacBook Air/Master Thesis/results/hybrid_supplier_customer_kmeans_timing_waves_constructed_split_14wave_v1/150c_cap35/run_2026_07_17_212302,3299.452873222593,3133.883080257896,165.56979296469717,5.0180984340892945,2819.452873222593,2653.883080257896,165.56979296469717,5.872408598745378,480.0,True,0,17:55,9,0,
wave_speed30_14wave_split,random_regret,200c_cap15,200,15,dispatch_wave_speed30_14wave_split_repair,/Users/danishali/Desktop/Desktop - Danish’s MacBook Air/Master Thesis/results/hybrid_supplier_customer_kmeans_timing_waves_constructed_split_14wave_v1/200c_cap15/run_2026_07_17_212303,9306.097227014863,8628.798579277194,677.298647737669,7.27800958033755,7466.097227014864,6788.798579277194,677.2986477376699,9.071655875133454,1840.0,True,0,17:57,8,0,
wave_speed30_14wave_split,random_regret,200c_cap25,200,25,dispatch_wave_speed30_14wave_split_repair,/Users/danishali/Desktop/Desktop - Danish’s MacBook Air/Master Thesis/results/hybrid_supplier_customer_kmeans_timing_waves_constructed_split_14wave_v1/200c_cap25/run_2026_07_17_212304,6728.425454234164,6325.418393256142,403.0070609780223,5.989619171962617,5608.425454234164,5205.418393256142,403.0070609780223,7.185743383176576,1120.0,True,0,17:59,13,0,
wave_speed30_14wave_split,random_regret,200c_cap35,200,35,dispatch_wave_speed30_14wave_split_repair,/Users/danishali/Desktop/Desktop - Danish’s MacBook Air/Master Thesis/results/hybrid_supplier_customer_kmeans_timing_waves_constructed_split_14wave_v1/200c_cap35/run_2026_07_17_212305,6227.42231235823,5604.454539280656,622.9677730775738,10.003621752796551,5347.42231235823,4724.454539280656,622.9677730775738,11.649870473814198,880.0,True,0,17:57,18,0,
wave_speed30_14wave_split,related_regret,20c_cap15,20,15,dispatch_wave_speed30_14wave_split_repair,/Users/danishali/Desktop/Desktop - Danish’s MacBook Air/Master Thesis/results/hybrid_supplier_customer_kmeans_timing_waves_constructed_split_14wave_v1/20c_cap15/run_2026_07_17_212253,139.58790101324328,135.04447944571342,4.543421567529862,3.254882073983481,115.58790101324328,111.0444794457134,4.543421567529876,3.9307068713094124,24.0,True,0,14:20,2,0,
wave_speed30_14wave_split,related_regret,20c_cap25,20,25,dispatch_wave_speed30_14wave_split_repair,/Users/danishali/Desktop/Desktop - Danish’s MacBook Air/Master Thesis/results/hybrid_supplier_customer_kmeans_timing_waves_constructed_split_14wave_v1/20c_cap25/run_2026_07_17_212254,122.23786144998746,117.69443988245759,4.543421567529876,3.7168693182584653,98.23786144998746,93.69443988245759,4.543421567529876,4.624919048999163,24.0,True,0,14:20,2,0,
wave_speed30_14wave_split,related_regret,20c_cap35,20,35,dispatch_wave_speed30_14wave_split_repair,/Users/danishali/Desktop/Desktop - Danish’s MacBook Air/Master Thesis/results/hybrid_supplier_customer_kmeans_timing_waves_constructed_split_14wave_v1/20c_cap35/run_2026_07_17_212254,122.23786144998746,117.69443988245759,4.543421567529876,3.7168693182584653,98.23786144998746,93.69443988245759,4.543421567529876,4.624919048999163,24.0,True,0,14:20,2,0,
wave_speed30_14wave_split,related_regret,40c_cap15,40,15,dispatch_wave_speed30_14wave_split_repair,/Users/danishali/Desktop/Desktop - Danish’s MacBook Air/Master Thesis/results/hybrid_supplier_customer_kmeans_timing_waves_constructed_split_14wave_v1/40c_cap15/run_2026_07_17_212255,462.0353041541975,446.03980625415386,15.995497900043631,3.4619644335025463,366.0353041541975,350.03980625415386,15.995497900043631,4.369933096209022,96.0,True,0,15:23,2,0,
wave_speed30_14wave_split,related_regret,40c_cap25,40,25,dispatch_wave_speed30_14wave_split_repair,/Users/danishali/Desktop/Desktop - Danish’s MacBook Air/Master Thesis/results/hybrid_supplier_customer_kmeans_timing_waves_constructed_split_14wave_v1/40c_cap25/run_2026_07_17_212255,352.4975153824383,328.45124594371805,24.04626943872023,6.821684803262087,304.4975153824383,280.45124594371805,24.04626943872023,7.8970330541183404,48.0,True,0,16:39,4,0,
wave_speed30_14wave_split,related_regret,40c_cap35,40,35,dispatch_wave_speed30_14wave_split_repair,/Users/danishali/Desktop/Desktop - Danish’s MacBook Air/Master Thesis/results/hybrid_supplier_customer_kmeans_timing_waves_constructed_split_14wave_v1/40c_cap35/run_2026_07_17_212256,349.7402549291218,315.2526072561921,34.48764767292971,9.860931701990943,301.7402549291218,267.2526072561921,34.48764767292971,11.429581273811408,48.0,True,0,16:39,4,0,
wave_speed30_14wave_split,related_regret,60c_cap15,60,15,dispatch_wave_speed30_14wave_split_repair,/Users/danishali/Desktop/Desktop - Danish’s MacBook Air/Master Thesis/results/hybrid_supplier_customer_kmeans_timing_waves_constructed_split_14wave_v1/60c_cap15/run_2026_07_17_212256,966.5622095668546,931.5036895440435,35.05852002281108,3.6271353955087746,774.5622095668546,739.5036895440435,35.05852002281108,4.5262368328576565,192.0,True,0,15:49,4,0,
wave_speed30_14wave_split,related_regret,60c_cap25,60,25,dispatch_wave_speed30_14wave_split_repair,/Users/danishali/Desktop/Desktop - Danish’s MacBook Air/Master Thesis/results/hybrid_supplier_customer_kmeans_timing_waves_constructed_split_14wave_v1/60c_cap25/run_2026_07_17_212257,734.4171214434904,701.8683147696075,32.54880667388284,4.431923728835248,614.4171214434904,581.8683147696075,32.54880667388284,5.297509710897019,120.0,True,0,16:57,5,0,
wave_speed30_14wave_split,related_regret,60c_cap35,60,35,dispatch_wave_speed30_14wave_split_repair,/Users/danishali/Desktop/Desktop - Danish’s MacBook Air/Master Thesis/results/hybrid_supplier_customer_kmeans_timing_waves_constructed_split_14wave_v1/60c_cap35/run_2026_07_17_212257,631.6834867460417,597.8607741259917,33.82271262004997,5.354376571450229,559.6834867460417,525.8607741259917,33.82271262004997,6.043185732831375,72.0,True,0,16:57,5,0,
wave_speed30_14wave_split,related_regret,80c_cap15,80,15,dispatch_wave_speed30_14wave_split_repair,/Users/danishali/Desktop/Desktop - Danish’s MacBook Air/Master Thesis/results/hybrid_supplier_customer_kmeans_timing_waves_constructed_split_14wave_v1/80c_cap15/run_2026_07_17_212258,1507.7653021673277,1465.8179103282794,41.94739183904835,2.782090274842599,1219.7653021673277,1177.8179103282794,41.94739183904835,3.43897237972867,288.0,True,0,16:50,2,0,
wave_speed30_14wave_split,related_regret,80c_cap25,80,25,dispatch_wave_speed30_14wave_split_repair,/Users/danishali/Desktop/Desktop - Danish’s MacBook Air/Master Thesis/results/hybrid_supplier_customer_kmeans_timing_waves_constructed_split_14wave_v1/80c_cap25/run_2026_07_17_212258,1148.9299630247156,1079.5564172239456,69.37354580076999,6.038100496407512,956.9299630247157,887.5564172239457,69.37354580076999,7.249594900497248,192.0,True,0,17:09,5,0,
wave_speed30_14wave_split,related_regret,80c_cap35,80,35,dispatch_wave_speed30_14wave_split_repair,/Users/danishali/Desktop/Desktop - Danish’s MacBook Air/Master Thesis/results/hybrid_supplier_customer_kmeans_timing_waves_constructed_split_14wave_v1/80c_cap35/run_2026_07_17_212259,1011.4859000471055,969.7943897924896,41.69151025461588,4.12180834677718,851.4859000471055,809.7943897924896,41.69151025461588,4.896324208340906,160.0,True,0,17:09,9,0,
wave_speed30_14wave_split,related_regret,100c_cap15,100,15,dispatch_wave_speed30_14wave_split_repair,/Users/danishali/Desktop/Desktop - Danish’s MacBook Air/Master Thesis/results/hybrid_supplier_customer_kmeans_timing_waves_constructed_split_14wave_v1/100c_cap15/run_2026_07_17_212259,2257.7083726663295,2195.803617179541,61.90475548678842,2.741928773275512,1817.7083726663295,1755.8036171795413,61.90475548678819,3.4056483656936885,440.0,True,0,16:50,9,0,
wave_speed30_14wave_split,related_regret,100c_cap25,100,25,dispatch_wave_speed30_14wave_split_repair,/Users/danishali/Desktop/Desktop - Danish’s MacBook Air/Master Thesis/results/hybrid_supplier_customer_kmeans_timing_waves_constructed_split_14wave_v1/100c_cap25/run_2026_07_17_212300,1753.487371849026,1658.46405669676,95.02331515226592,5.419104618476109,1433.487371849026,1338.46405669676,95.02331515226592,6.628821224263545,320.0,True,0,17:28,8,0,
wave_speed30_14wave_split,related_regret,100c_cap35,100,35,dispatch_wave_speed30_14wave_split_repair,/Users/danishali/Desktop/Desktop - Danish’s MacBook Air/Master Thesis/results/hybrid_supplier_customer_kmeans_timing_waves_constructed_split_14wave_v1/100c_cap35/run_2026_07_17_212300,1582.006811234781,1434.0339537229906,147.97285751179038,9.353490545106771,1342.006811234781,1194.0339537229906,147.97285751179038,11.02623744328395,240.0,True,0,17:41,4,0,
wave_speed30_14wave_split,related_regret,150c_cap15,150,15,dispatch_wave_speed30_14wave_split_repair,/Users/danishali/Desktop/Desktop - Danish’s MacBook Air/Master Thesis/results/hybrid_supplier_customer_kmeans_timing_waves_constructed_split_14wave_v1/150c_cap15/run_2026_07_17_212301,4965.640936704038,4819.258620210583,146.3823164934547,2.9479037723298718,4005.6409367040374,3859.258620210583,146.38231649345425,3.654404346434058,960.0,True,0,17:55,5,0,
wave_speed30_14wave_split,related_regret,150c_cap25,150,25,dispatch_wave_speed30_14wave_split_repair,/Users/danishali/Desktop/Desktop - Danish’s MacBook Air/Master Thesis/results/hybrid_supplier_customer_kmeans_timing_waves_constructed_split_14wave_v1/150c_cap25/run_2026_07_17_212301,3728.830559224389,3557.6383747158793,171.19218450850985,4.591042199142416,3128.830559224389,2957.6383747158793,171.19218450850985,5.471443124454364,600.0,True,0,17:57,6,0,
wave_speed30_14wave_split,related_regret,150c_cap35,150,35,dispatch_wave_speed30_14wave_split_repair,/Users/danishali/Desktop/Desktop - Danish’s MacBook Air/Master Thesis/results/hybrid_supplier_customer_kmeans_timing_waves_constructed_split_14wave_v1/150c_cap35/run_2026_07_17_212302,3299.452873222593,3154.7594618261874,144.69341139640574,4.385375907948124,2819.452873222593,2674.7594618261874,144.69341139640574,5.131967722199353,480.0,True,0,17:57,9,0,
wave_speed30_14wave_split,related_regret,200c_cap15,200,15,dispatch_wave_speed30_14wave_split_repair,/Users/danishali/Desktop/Desktop - Danish’s MacBook Air/Master Thesis/results/hybrid_supplier_customer_kmeans_timing_waves_constructed_split_14wave_v1/200c_cap15/run_2026_07_17_212303,9306.097227014863,8692.533279317984,613.563947696879,6.593139236883873,7466.097227014864,6852.533279317985,613.563947696879,8.218001039107785,1840.0,True,0,17:57,7,0,
wave_speed30_14wave_split,related_regret,200c_cap25,200,25,dispatch_wave_speed30_14wave_split_repair,/Users/danishali/Desktop/Desktop - Danish’s MacBook Air/Master Thesis/results/hybrid_supplier_customer_kmeans_timing_waves_constructed_split_14wave_v1/200c_cap25/run_2026_07_17_212304,6728.425454234164,6375.965628406077,352.45982582808756,5.238370079678692,5608.425454234164,5255.965628406077,352.45982582808756,6.284470190505837,1120.0,True,0,17:59,10,0,
wave_speed30_14wave_split,related_regret,200c_cap35,200,35,dispatch_wave_speed30_14wave_split_repair,/Users/danishali/Desktop/Desktop - Danish’s MacBook Air/Master Thesis/results/hybrid_supplier_customer_kmeans_timing_waves_constructed_split_14wave_v1/200c_cap35/run_2026_07_17_212305,6227.42231235823,5643.969905326767,583.4524070314628,9.369083671643882,5347.42231235823,4763.969905326767,583.4524070314628,10.910909461612327,880.0,True,0,18:00,8,0,
wave_speed40_split,random_regret,20c_cap15,20,15,dispatch_wave_speed40_split_repair,/Users/danishali/Desktop/Desktop - Danish’s MacBook Air/Master Thesis/results/hybrid_supplier_customer_kmeans_timing_waves_constructed_split_v1_40_speed/20c_cap15/run_2026_07_17_204103,139.58790101324328,135.04447944571342,4.543421567529862,3.254882073983481,115.58790101324328,111.0444794457134,4.543421567529876,3.9307068713094124,24.0,True,0,14:10,2,0,
wave_speed40_split,random_regret,20c_cap25,20,25,dispatch_wave_speed40_split_repair,/Users/danishali/Desktop/Desktop - Danish’s MacBook Air/Master Thesis/results/hybrid_supplier_customer_kmeans_timing_waves_constructed_split_v1_40_speed/20c_cap25/run_2026_07_17_204104,122.23786144998746,117.69443988245759,4.543421567529876,3.7168693182584653,98.23786144998746,93.69443988245759,4.543421567529876,4.624919048999163,24.0,True,0,14:10,2,0,
wave_speed40_split,random_regret,20c_cap35,20,35,dispatch_wave_speed40_split_repair,/Users/danishali/Desktop/Desktop - Danish’s MacBook Air/Master Thesis/results/hybrid_supplier_customer_kmeans_timing_waves_constructed_split_v1_40_speed/20c_cap35/run_2026_07_17_204104,122.23786144998746,117.69443988245759,4.543421567529876,3.7168693182584653,98.23786144998746,93.69443988245759,4.543421567529876,4.624919048999163,24.0,True,0,14:10,2,0,
wave_speed40_split,random_regret,40c_cap15,40,15,dispatch_wave_speed40_split_repair,/Users/danishali/Desktop/Desktop - Danish’s MacBook Air/Master Thesis/results/hybrid_supplier_customer_kmeans_timing_waves_constructed_split_v1_40_speed/40c_cap15/run_2026_07_17_204104,462.0353041541975,446.03980625415386,15.995497900043631,3.4619644335025463,366.0353041541975,350.03980625415386,15.995497900043631,4.369933096209022,96.0,True,0,15:32,3,0,
wave_speed40_split,random_regret,40c_cap25,40,25,dispatch_wave_speed40_split_repair,/Users/danishali/Desktop/Desktop - Danish’s MacBook Air/Master Thesis/results/hybrid_supplier_customer_kmeans_timing_waves_constructed_split_v1_40_speed/40c_cap25/run_2026_07_17_204105,352.4975153824383,327.20526874744905,25.292246634989226,7.175156002886625,304.4975153824383,279.20526874744905,25.292246634989226,8.306224306370135,48.0,True,0,16:09,5,0,
wave_speed40_split,random_regret,40c_cap35,40,35,dispatch_wave_speed40_split_repair,/Users/danishali/Desktop/Desktop - Danish’s MacBook Air/Master Thesis/results/hybrid_supplier_customer_kmeans_timing_waves_constructed_split_v1_40_speed/40c_cap35/run_2026_07_17_204106,349.7402549291218,315.25859087837415,34.48166405074767,9.859220825962886,301.7402549291218,267.25859087837415,34.48166405074767,11.42759823638624,48.0,True,0,16:09,5,0,
wave_speed40_split,random_regret,60c_cap15,60,15,dispatch_wave_speed40_split_repair,/Users/danishali/Desktop/Desktop - Danish’s MacBook Air/Master Thesis/results/hybrid_supplier_customer_kmeans_timing_waves_constructed_split_v1_40_speed/60c_cap15/run_2026_07_17_204106,966.5622095668546,929.3666802864236,37.19552928043095,3.848229209902524,774.5622095668546,737.3666802864236,37.19552928043095,4.802135815692735,192.0,True,0,16:15,4,0,
wave_speed40_split,random_regret,60c_cap25,60,25,dispatch_wave_speed40_split_repair,/Users/danishali/Desktop/Desktop - Danish’s MacBook Air/Master Thesis/results/hybrid_supplier_customer_kmeans_timing_waves_constructed_split_v1_40_speed/60c_cap25/run_2026_07_17_204106,734.4171214434904,697.6128575068293,36.80426393666107,5.011357015250764,614.4171214434904,577.6128575068293,36.80426393666107,5.990110407436955,120.0,True,0,16:20,3,0,
wave_speed40_split,random_regret,60c_cap35,60,35,dispatch_wave_speed40_split_repair,/Users/danishali/Desktop/Desktop - Danish’s MacBook Air/Master Thesis/results/hybrid_supplier_customer_kmeans_timing_waves_constructed_split_v1_40_speed/60c_cap35/run_2026_07_17_204107,631.6834867460417,597.498061908772,34.18542483726969,5.4117965016573875,559.6834867460417,525.498061908772,34.18542483726969,6.1079924004942905,72.0,True,0,16:20,7,0,
wave_speed40_split,random_regret,80c_cap15,80,15,dispatch_wave_speed40_split_repair,/Users/danishali/Desktop/Desktop - Danish’s MacBook Air/Master Thesis/results/hybrid_supplier_customer_kmeans_timing_waves_constructed_split_v1_40_speed/80c_cap15/run_2026_07_17_204107,1507.7653021673277,1438.1905543030598,69.57474786426792,4.614428237886767,1219.7653021673277,1150.1905543030598,69.57474786426792,5.7039454836635155,288.0,True,0,16:33,5,0,
wave_speed40_split,random_regret,80c_cap25,80,25,dispatch_wave_speed40_split_repair,/Users/danishali/Desktop/Desktop - Danish’s MacBook Air/Master Thesis/results/hybrid_supplier_customer_kmeans_timing_waves_constructed_split_v1_40_speed/80c_cap25/run_2026_07_17_204108,1148.9299630247156,1079.5564172239456,69.37354580076999,6.038100496407512,956.9299630247157,887.5564172239457,69.37354580076999,7.249594900497248,192.0,True,0,16:33,10,0,
wave_speed40_split,random_regret,80c_cap35,80,35,dispatch_wave_speed40_split_repair,/Users/danishali/Desktop/Desktop - Danish’s MacBook Air/Master Thesis/results/hybrid_supplier_customer_kmeans_timing_waves_constructed_split_v1_40_speed/80c_cap35/run_2026_07_17_204108,1011.4859000471055,955.6375867101111,55.84831333699435,5.521412936590956,851.4859000471055,795.6375867101111,55.84831333699435,6.558924033140741,160.0,True,0,17:52,9,0,
wave_speed40_split,random_regret,100c_cap15,100,15,dispatch_wave_speed40_split_repair,/Users/danishali/Desktop/Desktop - Danish’s MacBook Air/Master Thesis/results/hybrid_supplier_customer_kmeans_timing_waves_constructed_split_v1_40_speed/100c_cap15/run_2026_07_17_204109,2235.6165393662523,2193.988918898316,41.62762046793614,1.8620197039576674,1795.6165393662525,1753.988918898316,41.627620467936595,2.3182912139263716,440.0,True,0,17:21,5,0,
wave_speed40_split,random_regret,100c_cap25,100,25,dispatch_wave_speed40_split_repair,/Users/danishali/Desktop/Desktop - Danish’s MacBook Air/Master Thesis/results/hybrid_supplier_customer_kmeans_timing_waves_constructed_split_v1_40_speed/100c_cap25/run_2026_07_17_204109,1718.285254098367,1643.7186970431976,74.56655705516937,4.339591280162417,1398.285254098367,1323.7186970431976,74.56655705516937,5.332714253877395,320.0,True,0,17:49,9,0,
wave_speed40_split,random_regret,100c_cap35,100,35,dispatch_wave_speed40_split_repair,/Users/danishali/Desktop/Desktop - Danish’s MacBook Air/Master Thesis/results/hybrid_supplier_customer_kmeans_timing_waves_constructed_split_v1_40_speed/100c_cap35/run_2026_07_17_204110,1546.804693484122,1404.8899997965918,141.9146936875302,9.17470022462063,1306.804693484122,1164.8899997965918,141.9146936875302,10.859671257314357,240.0,True,0,17:41,12,0,
wave_speed40_split,random_regret,150c_cap15,150,15,dispatch_wave_speed40_split_repair,/Users/danishali/Desktop/Desktop - Danish’s MacBook Air/Master Thesis/results/hybrid_supplier_customer_kmeans_timing_waves_constructed_split_v1_40_speed/150c_cap15/run_2026_07_17_204110,4919.488464370084,4827.356976750654,92.13148761943012,1.8727859265592788,3959.488464370085,3867.3569767506547,92.13148761943012,2.3268532904814845,960.0,True,0,17:27,11,0,
wave_speed40_split,random_regret,150c_cap25,150,25,dispatch_wave_speed40_split_repair,/Users/danishali/Desktop/Desktop - Danish’s MacBook Air/Master Thesis/results/hybrid_supplier_customer_kmeans_timing_waves_constructed_split_v1_40_speed/150c_cap25/run_2026_07_17_204111,3672.5442371511085,3445.252311778492,227.29192537261633,6.188949967528037,3072.5442371511085,2845.252311778492,227.29192537261633,7.397515148011783,600.0,True,0,17:57,10,0,
wave_speed40_split,random_regret,150c_cap35,150,35,dispatch_wave_speed40_split_repair,/Users/danishali/Desktop/Desktop - Danish’s MacBook Air/Master Thesis/results/hybrid_supplier_customer_kmeans_timing_waves_constructed_split_v1_40_speed/150c_cap35/run_2026_07_17_204112,3252.5569146175108,2999.652799051417,252.90411556609388,7.7755477369051516,2772.5569146175108,2519.652799051417,252.90411556609388,9.121692479340261,480.0,True,0,17:55,16,0,
wave_speed40_split,random_regret,200c_cap15,200,15,dispatch_wave_speed40_split_repair,/Users/danishali/Desktop/Desktop - Danish’s MacBook Air/Master Thesis/results/hybrid_supplier_customer_kmeans_timing_waves_constructed_split_v1_40_speed/200c_cap15/run_2026_07_17_204113,8788.619566226149,8281.508644693484,507.1109215326651,5.770086163263289,6948.619566226148,6441.508644693484,507.1109215326642,7.2980095787296095,1840.0,True,0,17:58,6,0,
wave_speed40_split,random_regret,200c_cap25,200,25,dispatch_wave_speed40_split_repair,/Users/danishali/Desktop/Desktop - Danish’s MacBook Air/Master Thesis/results/hybrid_supplier_customer_kmeans_timing_waves_constructed_split_v1_40_speed/200c_cap25/run_2026_07_17_204113,6228.786388164666,5904.522183053139,324.2642051115272,5.2058970223744145,5108.786388164666,4784.522183053139,324.2642051115272,6.34718660116105,1120.0,True,0,17:58,5,0,
wave_speed40_split,random_regret,200c_cap35,200,35,dispatch_wave_speed40_split_repair,/Users/danishali/Desktop/Desktop - Danish’s MacBook Air/Master Thesis/results/hybrid_supplier_customer_kmeans_timing_waves_constructed_split_v1_40_speed/200c_cap35/run_2026_07_17_204114,5457.251332265938,5003.957058355043,453.29427391089484,8.306274465146904,4577.251332265938,4123.957058355043,453.29427391089484,9.903198251656733,880.0,True,0,17:58,13,0,
wave_speed40_split,related_regret,20c_cap15,20,15,dispatch_wave_speed40_split_repair,/Users/danishali/Desktop/Desktop - Danish’s MacBook Air/Master Thesis/results/hybrid_supplier_customer_kmeans_timing_waves_constructed_split_v1_40_speed/20c_cap15/run_2026_07_17_204103,139.58790101324328,135.04447944571342,4.543421567529862,3.254882073983481,115.58790101324328,111.0444794457134,4.543421567529876,3.9307068713094124,24.0,True,0,14:10,2,0,
wave_speed40_split,related_regret,20c_cap25,20,25,dispatch_wave_speed40_split_repair,/Users/danishali/Desktop/Desktop - Danish’s MacBook Air/Master Thesis/results/hybrid_supplier_customer_kmeans_timing_waves_constructed_split_v1_40_speed/20c_cap25/run_2026_07_17_204104,122.23786144998746,117.69443988245759,4.543421567529876,3.7168693182584653,98.23786144998746,93.69443988245759,4.543421567529876,4.624919048999163,24.0,True,0,14:10,2,0,
wave_speed40_split,related_regret,20c_cap35,20,35,dispatch_wave_speed40_split_repair,/Users/danishali/Desktop/Desktop - Danish’s MacBook Air/Master Thesis/results/hybrid_supplier_customer_kmeans_timing_waves_constructed_split_v1_40_speed/20c_cap35/run_2026_07_17_204104,122.23786144998746,117.69443988245759,4.543421567529876,3.7168693182584653,98.23786144998746,93.69443988245759,4.543421567529876,4.624919048999163,24.0,True,0,14:10,2,0,
wave_speed40_split,related_regret,40c_cap15,40,15,dispatch_wave_speed40_split_repair,/Users/danishali/Desktop/Desktop - Danish’s MacBook Air/Master Thesis/results/hybrid_supplier_customer_kmeans_timing_waves_constructed_split_v1_40_speed/40c_cap15/run_2026_07_17_204104,462.0353041541975,446.03980625415386,15.995497900043631,3.4619644335025463,366.0353041541975,350.03980625415386,15.995497900043631,4.369933096209022,96.0,True,0,15:32,2,0,
wave_speed40_split,related_regret,40c_cap25,40,25,dispatch_wave_speed40_split_repair,/Users/danishali/Desktop/Desktop - Danish’s MacBook Air/Master Thesis/results/hybrid_supplier_customer_kmeans_timing_waves_constructed_split_v1_40_speed/40c_cap25/run_2026_07_17_204105,352.4975153824383,328.45124594371805,24.04626943872023,6.821684803262087,304.4975153824383,280.45124594371805,24.04626943872023,7.8970330541183404,48.0,True,0,16:09,4,0,
wave_speed40_split,related_regret,40c_cap35,40,35,dispatch_wave_speed40_split_repair,/Users/danishali/Desktop/Desktop - Danish’s MacBook Air/Master Thesis/results/hybrid_supplier_customer_kmeans_timing_waves_constructed_split_v1_40_speed/40c_cap35/run_2026_07_17_204106,349.7402549291218,315.2526072561921,34.48764767292971,9.860931701990943,301.7402549291218,267.2526072561921,34.48764767292971,11.429581273811408,48.0,True,0,16:09,4,0,
wave_speed40_split,related_regret,60c_cap15,60,15,dispatch_wave_speed40_split_repair,/Users/danishali/Desktop/Desktop - Danish’s MacBook Air/Master Thesis/results/hybrid_supplier_customer_kmeans_timing_waves_constructed_split_v1_40_speed/60c_cap15/run_2026_07_17_204106,966.5622095668546,931.5036895440435,35.05852002281108,3.6271353955087746,774.5622095668546,739.5036895440435,35.05852002281108,4.5262368328576565,192.0,True,0,16:15,4,0,
wave_speed40_split,related_regret,60c_cap25,60,25,dispatch_wave_speed40_split_repair,/Users/danishali/Desktop/Desktop - Danish’s MacBook Air/Master Thesis/results/hybrid_supplier_customer_kmeans_timing_waves_constructed_split_v1_40_speed/60c_cap25/run_2026_07_17_204106,734.4171214434904,701.8683147696075,32.54880667388284,4.431923728835248,614.4171214434904,581.8683147696075,32.54880667388284,5.297509710897019,120.0,True,0,16:20,5,0,
wave_speed40_split,related_regret,60c_cap35,60,35,dispatch_wave_speed40_split_repair,/Users/danishali/Desktop/Desktop - Danish’s MacBook Air/Master Thesis/results/hybrid_supplier_customer_kmeans_timing_waves_constructed_split_v1_40_speed/60c_cap35/run_2026_07_17_204107,631.6834867460417,597.8607741259917,33.82271262004997,5.354376571450229,559.6834867460417,525.8607741259917,33.82271262004997,6.043185732831375,72.0,True,0,16:20,5,0,
wave_speed40_split,related_regret,80c_cap15,80,15,dispatch_wave_speed40_split_repair,/Users/danishali/Desktop/Desktop - Danish’s MacBook Air/Master Thesis/results/hybrid_supplier_customer_kmeans_timing_waves_constructed_split_v1_40_speed/80c_cap15/run_2026_07_17_204107,1507.7653021673277,1465.8179103282794,41.94739183904835,2.782090274842599,1219.7653021673277,1177.8179103282794,41.94739183904835,3.43897237972867,288.0,True,0,16:33,2,0,
wave_speed40_split,related_regret,80c_cap25,80,25,dispatch_wave_speed40_split_repair,/Users/danishali/Desktop/Desktop - Danish’s MacBook Air/Master Thesis/results/hybrid_supplier_customer_kmeans_timing_waves_constructed_split_v1_40_speed/80c_cap25/run_2026_07_17_204108,1148.9299630247156,1079.5564172239456,69.37354580076999,6.038100496407512,956.9299630247157,887.5564172239457,69.37354580076999,7.249594900497248,192.0,True,0,16:33,5,0,
wave_speed40_split,related_regret,80c_cap35,80,35,dispatch_wave_speed40_split_repair,/Users/danishali/Desktop/Desktop - Danish’s MacBook Air/Master Thesis/results/hybrid_supplier_customer_kmeans_timing_waves_constructed_split_v1_40_speed/80c_cap35/run_2026_07_17_204108,1011.4859000471055,959.0078194313563,52.47808061574915,5.188216722873271,851.4859000471055,799.0078194313563,52.47808061574915,6.163117981501042,160.0,True,0,17:31,5,0,
wave_speed40_split,related_regret,100c_cap15,100,15,dispatch_wave_speed40_split_repair,/Users/danishali/Desktop/Desktop - Danish’s MacBook Air/Master Thesis/results/hybrid_supplier_customer_kmeans_timing_waves_constructed_split_v1_40_speed/100c_cap15/run_2026_07_17_204109,2235.6165393662523,2192.2011333495966,43.41540601665565,1.9419880490311168,1795.6165393662525,1752.2011333495966,43.41540601665588,2.4178550968337027,440.0,True,0,17:04,8,0,
wave_speed40_split,related_regret,100c_cap25,100,25,dispatch_wave_speed40_split_repair,/Users/danishali/Desktop/Desktop - Danish’s MacBook Air/Master Thesis/results/hybrid_supplier_customer_kmeans_timing_waves_constructed_split_v1_40_speed/100c_cap25/run_2026_07_17_204109,1718.285254098367,1647.5119878432984,70.77326625506862,4.1188310314753505,1398.285254098367,1327.5119878432984,70.77326625506862,5.061432640273688,320.0,True,0,17:49,8,0,
wave_speed40_split,related_regret,100c_cap35,100,35,dispatch_wave_speed40_split_repair,/Users/danishali/Desktop/Desktop - Danish’s MacBook Air/Master Thesis/results/hybrid_supplier_customer_kmeans_timing_waves_constructed_split_v1_40_speed/100c_cap35/run_2026_07_17_204110,1546.804693484122,1413.0635584159572,133.7411350681648,8.646284539447427,1306.804693484122,1173.0635584159572,133.7411350681648,10.234209881171488,240.0,True,0,17:41,7,0,
wave_speed40_split,related_regret,150c_cap15,150,15,dispatch_wave_speed40_split_repair,/Users/danishali/Desktop/Desktop - Danish’s MacBook Air/Master Thesis/results/hybrid_supplier_customer_kmeans_timing_waves_constructed_split_v1_40_speed/150c_cap15/run_2026_07_17_204110,4919.488464370084,4827.037877013142,92.45058735694238,1.8792723679814587,3959.488464370085,3867.037877013142,92.45058735694283,2.3349124057026596,960.0,True,0,17:27,5,0,
wave_speed40_split,related_regret,150c_cap25,150,25,dispatch_wave_speed40_split_repair,/Users/danishali/Desktop/Desktop - Danish’s MacBook Air/Master Thesis/results/hybrid_supplier_customer_kmeans_timing_waves_constructed_split_v1_40_speed/150c_cap25/run_2026_07_17_204111,3672.5442371511085,3450.246449768092,222.29778738301638,6.052964185816282,3072.5442371511085,2850.246449768092,222.29778738301638,7.234974347810626,600.0,True,0,17:34,6,0,
wave_speed40_split,related_regret,150c_cap35,150,35,dispatch_wave_speed40_split_repair,/Users/danishali/Desktop/Desktop - Danish’s MacBook Air/Master Thesis/results/hybrid_supplier_customer_kmeans_timing_waves_constructed_split_v1_40_speed/150c_cap35/run_2026_07_17_204112,3252.5569146175108,3039.4721204522084,213.08479416530236,6.551301015138742,2772.5569146175108,2559.4721204522084,213.08479416530236,7.68549756514912,480.0,True,0,17:59,17,0,
wave_speed40_split,related_regret,200c_cap15,200,15,dispatch_wave_speed40_split_repair,/Users/danishali/Desktop/Desktop - Danish’s MacBook Air/Master Thesis/results/hybrid_supplier_customer_kmeans_timing_waves_constructed_split_v1_40_speed/200c_cap15/run_2026_07_17_204113,8788.619566226149,8360.461468717636,428.1580975085126,4.871733203174302,6948.619566226148,6520.461468717636,428.1580975085117,6.161772038716574,1840.0,True,0,17:56,14,0,
wave_speed40_split,related_regret,200c_cap25,200,25,dispatch_wave_speed40_split_repair,/Users/danishali/Desktop/Desktop - Danish’s MacBook Air/Master Thesis/results/hybrid_supplier_customer_kmeans_timing_waves_constructed_split_v1_40_speed/200c_cap25/run_2026_07_17_204113,6228.786388164666,5886.78801125425,341.9983769104165,5.49061013812014,5108.786388164666,4766.78801125425,341.9983769104165,6.694317415633414,1120.0,True,0,17:58,9,0,
wave_speed40_split,related_regret,200c_cap35,200,35,dispatch_wave_speed40_split_repair,/Users/danishali/Desktop/Desktop - Danish’s MacBook Air/Master Thesis/results/hybrid_supplier_customer_kmeans_timing_waves_constructed_split_v1_40_speed/200c_cap35/run_2026_07_17_204114,5457.251332265938,4997.6560759357935,459.59525633014437,8.42173519868496,4577.251332265938,4117.6560759357935,459.59525633014437,10.040856902271626,880.0,True,0,17:57,7,0,
