timing_lns_scenario,instance_name,customer_count,vehicle_capacity,random_regret_total_lns_system_distance,random_regret_system_improvement_percent,random_regret_n_remove,random_regret_rejected_infeasible_moves,random_regret_timing_feasible,related_regret_total_lns_system_distance,related_regret_system_improvement_percent,related_regret_n_remove,related_regret_rejected_infeasible_moves,related_regret_timing_feasible,winning_operator_pair_by_system_distance,related_minus_random_system_distance,related_minus_random_system_distance_pct_of_random,notes_or_warnings
fixed_split,100c_cap15,100,15,1926.5764910870855,3.1086345080215136,13,0,True,1908.9285459851376,3.996184785399997,8,0,True,related_regret,-17.647945101947926,-0.9160261834187512,
fixed_split,100c_cap25,100,25,1373.0484596100048,3.836943945625957,9,0,True,1376.9562830366933,3.5632549577383896,8,0,True,random_regret,3.9078234266885374,0.28460928668158586,
fixed_split,100c_cap35,100,35,1101.9290122102143,6.639800103674347,25,0,True,1101.9290122102143,6.639800103674347,12,0,True,tie,0.0,0.0,
fixed_split,150c_cap15,150,15,4277.969845445932,2.0566301079279867,12,0,True,4251.761705558525,2.6566608776418152,16,0,True,related_regret,-26.208139887407015,-0.6126303091010942,
fixed_split,150c_cap25,150,25,2858.824857582935,2.6002315426930998,10,0,True,2861.8674211034527,2.4965718233405676,25,0,True,random_regret,3.042563520517888,0.1064270695858682,
fixed_split,150c_cap35,150,35,2338.188469539439,3.607680360287057,10,0,True,2334.574697120456,3.75665890100512,21,0,True,related_regret,-3.6137724189829896,-0.15455436830953181,
fixed_split,200c_cap15,200,15,7462.994807695374,2.563967973689176,8,0,True,7506.309620362662,1.998454586233558,4,0,True,random_regret,43.3148126672877,0.5803945169923496,
fixed_split,200c_cap25,200,25,4880.463027911117,1.7880449803349265,25,0,True,4868.437015441494,2.0300503369943126,28,0,True,related_regret,-12.02601246962331,-0.2464113015680513,
fixed_split,200c_cap35,200,35,3740.8803165176855,5.13246944271965,52,0,True,3727.347524716412,5.475656722479435,30,0,True,related_regret,-13.53279180127356,-0.3617542037236567,
fixed_split,20c_cap15,20,15,108.21746207443732,5.718427583420243,3,0,True,108.21746207443732,5.718427583420243,3,0,True,tie,0.0,0.0,
fixed_split,20c_cap25,20,25,90.75822855161768,6.848809382858932,5,0,True,90.75822855161768,6.848809382858932,3,0,True,tie,0.0,0.0,
fixed_split,20c_cap35,20,35,86.77406702661598,10.938018654432991,3,0,True,86.77406702661598,10.938018654432991,3,0,True,tie,0.0,0.0,
fixed_split,40c_cap15,40,15,378.8707640827188,2.603695274874369,6,0,True,378.8707640827188,2.603695274874369,5,0,True,tie,0.0,0.0,
fixed_split,40c_cap25,40,25,254.47961641307649,3.307612778667654,5,0,True,254.71032519132592,3.2199523882745598,2,0,True,random_regret,0.23070877824943636,0.09065904039832612,
fixed_split,40c_cap35,40,35,233.1465666365013,7.709684051125502,2,0,True,233.1465666365013,7.709684051125502,3,0,True,tie,0.0,0.0,
fixed_split,60c_cap15,60,15,830.0900319492309,2.8651920702459575,13,0,True,827.7639277739154,3.137386258343007,9,0,True,related_regret,-2.3261041753155496,-0.2802231186722426,
fixed_split,60c_cap25,60,25,575.5461611703354,5.736253268095418,11,0,True,575.2370106123944,5.7868863742853955,8,0,True,related_regret,-0.3091505579409386,-0.053714294143201516,
fixed_split,60c_cap35,60,35,460.05139427528934,5.278727563105321,9,0,True,460.05139427528934,5.278727563105321,11,0,True,tie,0.0,0.0,
fixed_split,80c_cap15,80,15,1307.9784385015103,4.32967649267728,5,0,True,1305.7298578266905,4.494145901545195,10,0,True,related_regret,-2.2485806748197774,-0.17191267138897726,
fixed_split,80c_cap25,80,25,898.7566197509722,4.157665654303072,15,0,True,903.5692716443932,3.6444501944975958,11,0,True,random_regret,4.812651893421048,0.5354788813410397,
fixed_split,80c_cap35,80,35,764.9642515532304,1.9772995827312474,16,0,True,739.1665693779272,5.283020688253645,12,0,True,related_regret,-25.79768217530318,-3.372403628394658,
wave_speed30_14wave_split,100c_cap15,100,15,2180.0126661067334,3.4413526343899923,13,0,True,2195.803617179541,2.741928773275512,9,0,True,random_regret,15.79095107280773,0.7243513452152853,
wave_speed30_14wave_split,100c_cap25,100,25,1654.9459460206851,5.61973969190496,9,0,True,1658.46405669676,5.419104618476109,8,0,True,random_regret,3.5181106760749117,0.2125816063379111,
wave_speed30_14wave_split,100c_cap35,100,35,1434.0339537229906,9.353490545106771,8,0,True,1434.0339537229906,9.353490545106771,4,0,True,tie,0.0,0.0,
wave_speed30_14wave_split,150c_cap15,150,15,4823.519031986575,2.862105950250133,11,0,True,4819.258620210583,2.9479037723298718,5,0,True,related_regret,-4.260411775991997,-0.0883258000588284,
wave_speed30_14wave_split,150c_cap25,150,25,3550.5824450673713,4.780268540657266,5,0,True,3557.6383747158793,4.591042199142416,6,0,True,random_regret,7.055929648508027,0.19872597686924412,
wave_speed30_14wave_split,150c_cap35,150,35,3133.883080257896,5.0180984340892945,9,0,True,3154.7594618261874,4.385375907948124,9,0,True,random_regret,20.876381568291436,0.6661506199705912,
wave_speed30_14wave_split,200c_cap15,200,15,8628.798579277194,7.27800958033755,8,0,True,8692.533279317984,6.593139236883873,7,0,True,random_regret,63.7347000407899,0.7386277412229125,
wave_speed30_14wave_split,200c_cap25,200,25,6325.418393256142,5.989619171962617,13,0,True,6375.965628406077,5.238370079678692,10,0,True,random_regret,50.54723514993475,0.7991129124964411,
wave_speed30_14wave_split,200c_cap35,200,35,5604.454539280656,10.003621752796551,18,0,True,5643.969905326767,9.369083671643882,8,0,True,random_regret,39.51536604611101,0.7050706856332695,
wave_speed30_14wave_split,20c_cap15,20,15,135.04447944571342,3.254882073983481,2,0,True,135.04447944571342,3.254882073983481,2,0,True,tie,0.0,0.0,
wave_speed30_14wave_split,20c_cap25,20,25,117.69443988245759,3.7168693182584653,2,0,True,117.69443988245759,3.7168693182584653,2,0,True,tie,0.0,0.0,
wave_speed30_14wave_split,20c_cap35,20,35,117.69443988245759,3.7168693182584653,2,0,True,117.69443988245759,3.7168693182584653,2,0,True,tie,0.0,0.0,
wave_speed30_14wave_split,40c_cap15,40,15,446.03980625415386,3.4619644335025463,3,0,True,446.03980625415386,3.4619644335025463,2,0,True,tie,0.0,0.0,
wave_speed30_14wave_split,40c_cap25,40,25,327.20526874744905,7.175156002886625,5,0,True,328.45124594371805,6.821684803262087,4,0,True,random_regret,1.2459771962689956,0.38079374486805523,
wave_speed30_14wave_split,40c_cap35,40,35,315.25859087837415,9.859220825962886,5,0,True,315.2526072561921,9.860931701990943,4,0,True,related_regret,-0.005983622182043291,-0.0018980044811377575,
wave_speed30_14wave_split,60c_cap15,60,15,929.3666802864236,3.848229209902524,4,0,True,931.5036895440435,3.6271353955087746,4,0,True,random_regret,2.137009257619866,0.22994252999916634,
wave_speed30_14wave_split,60c_cap25,60,25,697.6128575068293,5.011357015250764,3,0,True,701.8683147696075,4.431923728835248,5,0,True,random_regret,4.255457262778236,0.6100026994896058,
wave_speed30_14wave_split,60c_cap35,60,35,597.498061908772,5.4117965016573875,7,0,True,597.8607741259917,5.354376571450229,5,0,True,random_regret,0.36271221721972324,0.06070517050063727,
wave_speed30_14wave_split,80c_cap15,80,15,1438.1905543030598,4.614428237886767,5,0,True,1465.8179103282794,2.782090274842599,2,0,True,random_regret,27.62735602521957,1.9209802166033314,
wave_speed30_14wave_split,80c_cap25,80,25,1079.5564172239456,6.038100496407512,9,0,True,1079.5564172239456,6.038100496407512,5,0,True,tie,0.0,0.0,
wave_speed30_14wave_split,80c_cap35,80,35,967.9469535376667,4.304454121150989,10,0,True,969.7943897924896,4.12180834677718,9,0,True,random_regret,1.8474362548229237,0.19086131198315018,
wave_speed40_split,100c_cap15,100,15,2193.988918898316,1.8620197039576674,5,0,True,2192.2011333495966,1.9419880490311168,8,0,True,related_regret,-1.787785548719512,-0.08148562343775309,
wave_speed40_split,100c_cap25,100,25,1643.7186970431976,4.339591280162417,9,0,True,1647.5119878432984,4.1188310314753505,8,0,True,random_regret,3.793290800100749,0.23077493776303132,
wave_speed40_split,100c_cap35,100,35,1404.8899997965918,9.17470022462063,12,0,True,1413.0635584159572,8.646284539447427,7,0,True,random_regret,8.173558619365394,0.5817934941916314,
wave_speed40_split,150c_cap15,150,15,4827.356976750654,1.8727859265592788,11,0,True,4827.037877013142,1.8792723679814587,5,0,True,related_regret,-0.3190997375122606,-0.0066102370106270875,
wave_speed40_split,150c_cap25,150,25,3445.252311778492,6.188949967528037,10,0,True,3450.246449768092,6.052964185816282,6,0,True,random_regret,4.994137989599949,0.1449571043759607,
wave_speed40_split,150c_cap35,150,35,2999.652799051417,7.7755477369051516,16,0,True,3039.4721204522084,6.551301015138742,17,0,True,random_regret,39.81932140079152,1.3274643456530577,
wave_speed40_split,200c_cap15,200,15,8281.508644693484,5.770086163263289,6,0,True,8360.461468717636,4.871733203174302,14,0,True,random_regret,78.9528240241525,0.9533628160219678,
wave_speed40_split,200c_cap25,200,25,5904.522183053139,5.2058970223744145,5,0,True,5886.78801125425,5.49061013812014,9,0,True,related_regret,-17.734171798889292,-0.30034897404211663,
wave_speed40_split,200c_cap35,200,35,5003.957058355043,8.306274465146904,13,0,True,4997.6560759357935,8.42173519868496,7,0,True,related_regret,-6.300982419249522,-0.12591999383225824,
wave_speed40_split,20c_cap15,20,15,135.04447944571342,3.254882073983481,2,0,True,135.04447944571342,3.254882073983481,2,0,True,tie,0.0,0.0,
wave_speed40_split,20c_cap25,20,25,117.69443988245759,3.7168693182584653,2,0,True,117.69443988245759,3.7168693182584653,2,0,True,tie,0.0,0.0,
wave_speed40_split,20c_cap35,20,35,117.69443988245759,3.7168693182584653,2,0,True,117.69443988245759,3.7168693182584653,2,0,True,tie,0.0,0.0,
wave_speed40_split,40c_cap15,40,15,446.03980625415386,3.4619644335025463,3,0,True,446.03980625415386,3.4619644335025463,2,0,True,tie,0.0,0.0,
wave_speed40_split,40c_cap25,40,25,327.20526874744905,7.175156002886625,5,0,True,328.45124594371805,6.821684803262087,4,0,True,random_regret,1.2459771962689956,0.38079374486805523,
wave_speed40_split,40c_cap35,40,35,315.25859087837415,9.859220825962886,5,0,True,315.2526072561921,9.860931701990943,4,0,True,related_regret,-0.005983622182043291,-0.0018980044811377575,
wave_speed40_split,60c_cap15,60,15,929.3666802864236,3.848229209902524,4,0,True,931.5036895440435,3.6271353955087746,4,0,True,random_regret,2.137009257619866,0.22994252999916634,
wave_speed40_split,60c_cap25,60,25,697.6128575068293,5.011357015250764,3,0,True,701.8683147696075,4.431923728835248,5,0,True,random_regret,4.255457262778236,0.6100026994896058,
wave_speed40_split,60c_cap35,60,35,597.498061908772,5.4117965016573875,7,0,True,597.8607741259917,5.354376571450229,5,0,True,random_regret,0.36271221721972324,0.06070517050063727,
wave_speed40_split,80c_cap15,80,15,1438.1905543030598,4.614428237886767,5,0,True,1465.8179103282794,2.782090274842599,2,0,True,random_regret,27.62735602521957,1.9209802166033314,
wave_speed40_split,80c_cap25,80,25,1079.5564172239456,6.038100496407512,10,0,True,1079.5564172239456,6.038100496407512,5,0,True,tie,0.0,0.0,
wave_speed40_split,80c_cap35,80,35,955.6375867101111,5.521412936590956,9,0,True,959.0078194313563,5.188216722873271,5,0,True,random_regret,3.370232721245202,0.3526684977772383,
