customer_count,vehicle_capacity,base_selected_run_timestamp,speed40_selected_run_timestamp,base_total_system_distance,speed40_total_system_distance,speed40_minus_base_total_system_distance,speed40_minus_base_total_system_distance_pct,base_timing_feasible,speed40_timing_feasible,base_timing_infeasible_routes,speed40_timing_infeasible_routes,speed40_minus_base_timing_infeasible_routes,base_routes_exceeding_workday,speed40_routes_exceeding_workday,base_unresolved_repairs,speed40_unresolved_repairs,base_unresolved_customers_count,speed40_unresolved_customers_count,speed40_minus_base_unresolved_customers,base_latest_finish_time_label,speed40_latest_finish_time_label,base_latest_finish_time,speed40_latest_finish_time,speed40_minus_base_latest_finish_hours,base_total_routes,speed40_total_routes,speed40_minus_base_total_routes,base_depot_routes,speed40_depot_routes,speed40_minus_base_depot_routes,base_repair_attempts,speed40_repair_attempts,base_successful_repairs,speed40_successful_repairs,base_routes_added_by_repair,speed40_routes_added_by_repair,notes_or_warnings
20,15,run_2026_07_17_201710,run_2026_07_17_204103,139.58790101324328,139.58790101324328,0.0,0.0,True,True,0,0,0.0,0,0,0,0,0,0,0.0,13:42,13:36,13.693663523273175,13.603580975788214,-0.09008254748496114,11,11,0.0,6,6,0.0,0,0,0,0,0,0,
20,25,run_2026_07_17_201711,run_2026_07_17_204104,122.23786144998746,122.23786144998746,0.0,0.0,True,True,0,0,0.0,0,0,0,0,0,0,0.0,13:42,13:36,13.693663523273175,13.603580975788214,-0.09008254748496114,9,9,0.0,6,6,0.0,0,0,0,0,0,0,
20,35,run_2026_07_17_201711,run_2026_07_17_204104,122.23786144998746,122.23786144998746,0.0,0.0,True,True,0,0,0.0,0,0,0,0,0,0,0.0,13:42,13:36,13.693663523273175,13.603580975788214,-0.09008254748496114,9,9,0.0,6,6,0.0,0,0,0,0,0,0,
40,15,run_2026_07_17_201712,run_2026_07_17_204104,462.0353041541975,462.0353041541975,0.0,0.0,True,True,0,0,0.0,0,0,0,0,0,0,0.0,15:39,15:32,15.656718726509952,15.53420571154913,-0.12251301496082156,16,16,0.0,8,8,0.0,0,0,0,0,0,0,
40,25,run_2026_07_17_201712,run_2026_07_17_204105,352.4975153824383,352.4975153824383,0.0,0.0,True,True,0,0,0.0,0,0,0,0,0,0,0.0,15:39,15:32,15.656718726509952,15.53420571154913,-0.12251301496082156,12,12,0.0,8,8,0.0,0,0,0,0,0,0,selected latest scenario-parameter-matching run; newer mismatched run(s) ignored: run_2026_07_17_204003
40,35,run_2026_07_17_201712,run_2026_07_17_204106,349.7402549291218,349.7402549291218,0.0,0.0,True,True,0,0,0.0,0,0,0,0,0,0,0.0,15:39,15:32,15.656718726509952,15.53420571154913,-0.12251301496082156,12,12,0.0,8,8,0.0,0,0,0,0,0,0,
60,15,run_2026_07_17_201713,run_2026_07_17_204106,966.5622095668546,966.5622095668546,0.0,0.0,True,True,0,0,0.0,0,0,0,0,0,0,0.0,16:33,16:15,16.558222652089125,16.25200032240018,-0.30622232968894636,21,21,0.0,9,9,0.0,0,0,0,0,0,0,
60,25,run_2026_07_17_201713,run_2026_07_17_204106,734.4171214434904,734.4171214434904,0.0,0.0,True,True,0,0,0.0,0,0,0,0,0,0,0.0,16:57,16:20,16.945635230213572,16.33422642266018,-0.6114088075533921,15,15,0.0,8,8,0.0,0,0,0,0,0,0,
60,35,run_2026_07_17_201714,run_2026_07_17_204107,631.6834867460417,631.6834867460417,0.0,0.0,True,True,0,0,0.0,0,0,0,0,0,0,0.0,17:20,16:40,17.326394912890997,16.661462851334914,-0.6649320615560832,14,14,0.0,8,8,0.0,0,0,0,0,0,0,
80,15,run_2026_07_17_201714,run_2026_07_17_204107,1507.7653021673277,1507.7653021673277,0.0,0.0,True,True,0,0,0.0,0,0,0,0,0,0,0.0,16:58,16:33,16.96651909167439,16.558222652089125,-0.4082964395852642,26,26,0.0,11,11,0.0,0,0,0,0,0,0,
80,25,run_2026_07_17_201715,run_2026_07_17_204108,1148.9299630247156,1148.9299630247156,0.0,0.0,True,True,0,0,0.0,0,0,0,0,0,0,0.0,16:58,16:33,16.96651909167439,16.558222652089125,-0.4082964395852642,18,18,0.0,10,10,0.0,0,0,0,0,0,0,
80,35,run_2026_07_17_201715,run_2026_07_17_204108,1011.4859000471055,1011.4859000471055,0.0,0.0,True,True,0,0,0.0,0,0,0,0,0,0,0.0,17:57,17:15,17.950363630996765,17.25443938991424,-0.6959242410825262,15,15,0.0,9,9,0.0,0,0,0,0,0,0,
100,15,run_2026_07_17_201716,run_2026_07_17_204109,2257.7083726663295,2235.6165393662523,-22.09183330007727,-0.9785069483525479,True,True,0,0,0.0,0,0,0,0,0,0,0.0,17:13,17:04,17.22216462773379,17.06967086509312,-0.15249376264067038,31,30,-1.0,14,13,-1.0,1,0,1,0,1,0,
100,25,run_2026_07_17_201716,run_2026_07_17_204109,1753.487371849026,1718.285254098367,-35.202117750659,-2.0075489744496364,True,True,0,0,0.0,0,0,0,0,0,0,0.0,17:44,17:06,17.74062193358359,17.09543309723044,-0.6451888363531495,22,21,-1.0,12,11,-1.0,1,0,1,0,1,0,
100,35,run_2026_07_17_201717,run_2026_07_17_204110,1582.006811234781,1546.804693484122,-35.202117750659,-2.225155890648991,True,True,0,0,0.0,0,0,0,0,0,0,0.0,17:13,17:06,17.22216462773379,17.09543309723044,-0.12673153050334918,21,20,-1.0,13,12,-1.0,2,1,2,1,2,1,
150,15,run_2026_07_17_201718,run_2026_07_17_204110,5031.558434352635,4919.488464370084,-112.0699699825509,-2.227341119948057,True,True,0,0,0.0,0,0,0,0,0,0,0.0,17:57,17:30,17.950290731117722,17.504577174027947,-0.4457135570897748,50,47,-3.0,24,21,-3.0,3,1,3,1,5,2,
150,25,run_2026_07_17_201718,run_2026_07_17_204111,3794.748056872987,3672.5442371511085,-122.20381972187852,-3.220340794444704,True,True,0,0,0.0,0,0,0,0,0,0,0.0,17:56,17:27,17.938544166453035,17.458268539533844,-0.480275626919191,37,34,-3.0,21,18,-3.0,6,4,6,4,8,5,
150,35,run_2026_07_17_201719,run_2026_07_17_204112,3365.370370871191,3252.5569146175108,-112.81345625368022,-3.352185460183875,True,True,0,0,0.0,0,0,0,0,0,0,0.0,17:56,17:27,17.938544166453035,17.458268539533844,-0.480275626919191,31,28,-3.0,20,17,-3.0,5,3,5,3,7,4,
200,15,run_2026_07_17_201720,run_2026_07_17_204113,9517.341075118862,8788.619566226149,-728.7215088927132,-7.656776227110387,False,True,5,0,-5.0,5,0,2,0,5,0,-5.0,18:52,17:56,18.86250333304849,17.938544166453035,-0.9239591665954556,73,63,-10.0,41,31,-10.0,9,4,7,4,17,7,timing infeasible | routes exceed working day | unresolved same-wave split repair remains | unresolved customers after wave repair
200,25,run_2026_07_17_201721,run_2026_07_17_204113,6939.669302338162,6228.786388164666,-710.8829141734959,-10.243757781570086,False,True,5,0,-5.0,5,0,2,0,5,0,-5.0,18:52,17:56,18.86250333304849,17.938544166453035,-0.9239591665954556,51,43,-8.0,34,26,-8.0,8,5,6,5,16,8,timing infeasible | routes exceed working day | unresolved same-wave split repair remains | unresolved customers after wave repair
200,35,run_2026_07_17_201721,run_2026_07_17_204114,6438.666160462228,5457.251332265938,-981.4148281962898,-15.24251768515103,False,True,5,0,-5.0,5,0,2,0,5,0,-5.0,18:52,17:58,18.86250333304849,17.967357131099444,-0.8951462019490464,49,37,-12.0,36,24,-12.0,10,6,8,6,23,11,timing infeasible | routes exceed working day | unresolved same-wave split repair remains | unresolved customers after wave repair
