customer_count,vehicle_capacity,instance_name,depot_setting,clustering_strategy,selected_run_timestamp,final_distance,n_routes,avg_utilisation,min_utilisation,max_utilisation,cluster_count,cluster_sizes,capacity_feasible,customer_coverage_feasible,structural_validity,distance_change_vs_no_clustering_pct,route_change_vs_no_clustering,utilisation_change_vs_no_clustering,notes_or_warnings
20,15,20c_cap15_dem1-6,central_depot,kmeans,run_2026_07_09_022134,62.15152581613557,7,0.6380952380952382,0.0,1.0,5,1|6|5|4|4,True,True,True,3.5502544867826016,2,-0.25523809523809515,
20,15,20c_cap15_dem1-6,central_depot,no_clustering,run_2026_07_08_184618,60.02064033948727,5,0.8933333333333333,0.6666666666666666,1.0,,,True,True,True,,,,
20,15,20c_cap15_dem1-6,central_depot,sweep,run_2026_07_09_020636,59.84277065461154,6,0.7444444444444445,0.0,1.0,6,3|4|3|3|3|4,True,True,True,-0.29634752956594346,1,-0.14888888888888885,
20,25,20c_cap25_dem1-6,central_depot,kmeans,run_2026_07_09_022134,48.61307394318473,4,0.6699999999999999,0.0,1.0,3,5|7|8,True,True,True,2.524286624813945,1,-0.2233333333333335,
20,25,20c_cap25_dem1-6,central_depot,no_clustering,run_2026_07_08_184618,47.4161543021348,3,0.8933333333333334,0.8,1.0,,,True,True,True,,,,
20,25,20c_cap25_dem1-6,central_depot,sweep,run_2026_07_09_020636,46.941074509945146,3,0.8933333333333334,0.68,1.0,3,7|6|7,True,True,True,-1.001936574532077,0,0.0,
20,35,20c_cap35_dem1-6,central_depot,kmeans,run_2026_07_09_022135,43.209970176683704,3,0.6380952380952382,0.42857142857142855,0.8,2,6|14,True,True,True,-2.0774082998483308,1,-0.3190476190476189,
20,35,20c_cap35_dem1-6,central_depot,no_clustering,run_2026_07_08_184618,44.12666109675361,2,0.9571428571428571,0.9428571428571428,0.9714285714285714,,,True,True,True,,,,
20,35,20c_cap35_dem1-6,central_depot,sweep,run_2026_07_09_020637,40.781632658703806,2,0.9571428571428571,0.9142857142857143,1.0,2,10|10,True,True,True,-7.5805156223249694,0,0.0,
40,15,40c_cap15_dem1-6,central_depot,kmeans,run_2026_07_09_022135,217.67397511606163,13,0.717948717948718,0.0,1.0,10,4|6|7|4|3|3|2|4|4|3,True,True,True,-8.812142770175482,3,-0.2153846153846154,
40,15,40c_cap15_dem1-6,central_depot,no_clustering,run_2026_07_08_184619,238.7093871143928,10,0.9333333333333333,0.8,1.0,,,True,True,True,,,,
40,15,40c_cap15_dem1-6,central_depot,sweep,run_2026_07_09_020637,220.62517418408868,11,0.8484848484848485,0.0,1.0,11,4|3|3|3|4|4|3|4|5|4|3,True,True,True,-7.575828143548422,1,-0.08484848484848484,
40,25,40c_cap25_dem1-6,central_depot,kmeans,run_2026_07_09_022135,171.60600887603525,9,0.6222222222222222,0.0,1.0,6,6|7|10|8|5|4,True,True,True,2.60439497584109,3,-0.311111111111111,
40,25,40c_cap25_dem1-6,central_depot,no_clustering,run_2026_07_08_184619,167.25015426136576,6,0.9333333333333332,0.88,1.0,,,True,True,True,,,,
40,25,40c_cap25_dem1-6,central_depot,sweep,run_2026_07_09_020637,167.52750274501892,7,0.7999999999999999,0.52,1.0,7,6|6|6|6|7|7|2,True,True,True,0.16582853682737866,1,-0.1333333333333333,
40,35,40c_cap35_dem1-6,central_depot,kmeans,run_2026_07_09_022136,139.54267444935562,5,0.8,0.6,0.9142857142857143,4,6|9|17|8,True,True,True,1.7397078301655304,1,-0.19999999999999996,
40,35,40c_cap35_dem1-6,central_depot,no_clustering,run_2026_07_08_184619,137.1565511887401,4,1.0,1.0,1.0,,,True,True,True,,,,
40,35,40c_cap35_dem1-6,central_depot,sweep,run_2026_07_09_020637,140.0420805730546,5,0.8,0.37142857142857144,0.9714285714285714,5,8|10|9|11|2,True,True,True,2.103821771038647,1,-0.19999999999999996,
60,15,60c_cap15_dem1-6,central_depot,kmeans,run_2026_07_09_022136,502.51219483722724,22,0.6727272727272727,0.0,1.0,15,5|3|4|3|6|3|3|4|7|4|1|3|4|7|3,True,True,True,-3.814859556176243,6,-0.2522727272727272,
60,15,60c_cap15_dem1-6,central_depot,no_clustering,run_2026_07_08_184620,522.4426481247547,16,0.9249999999999999,0.4,1.0,,,True,True,True,,,,
60,15,60c_cap15_dem1-6,central_depot,sweep,run_2026_07_09_020638,525.5352481609432,18,0.8222222222222224,0.0,1.0,18,2|3|3|3|3|3|4|4|4|3|3|4|5|4|3|4|2|3,True,True,True,0.5919501494162147,2,-0.10277777777777752,
60,25,60c_cap25_dem1-6,central_depot,kmeans,run_2026_07_09_022136,369.57044601138153,13,0.6830769230769231,0.0,1.0,9,6|10|4|6|9|9|3|6|7,True,True,True,4.368757898212636,3,-0.20492307692307676,
60,25,60c_cap25_dem1-6,central_depot,no_clustering,run_2026_07_08_184620,354.100646068636,10,0.8879999999999999,0.56,1.0,,,True,True,True,,,,
60,25,60c_cap25_dem1-6,central_depot,sweep,run_2026_07_09_020638,368.26489630030477,10,0.8880000000000001,0.56,1.0,10,5|6|6|7|7|5|7|7|6|4,True,True,True,4.000063368685089,0,2.220446049250313e-16,
60,35,60c_cap35_dem1-6,central_depot,kmeans,run_2026_07_09_022137,307.12212751951876,10,0.6342857142857143,0.0,1.0,7,7|10|7|9|11|10|6,True,True,True,-2.995994546949338,3,-0.2718367346938776,
60,35,60c_cap35_dem1-6,central_depot,no_clustering,run_2026_07_08_184620,316.6076762347344,7,0.9061224489795919,0.7714285714285715,1.0,,,True,True,True,,,,
60,35,60c_cap35_dem1-6,central_depot,sweep,run_2026_07_09_020638,293.45181992658826,7,0.9061224489795918,0.7142857142857143,1.0,7,8|8|9|8|10|10|7,True,True,True,-7.313738120164305,0,-1.1102230246251565e-16,
80,15,80c_cap15_dem1-6,central_depot,kmeans,run_2026_07_09_022137,835.5723941938837,25,0.7493333333333334,0.0,1.0,19,7|3|1|4|5|5|6|8|7|4|2|2|4|1|3|2|4|8|4,True,True,True,-10.044729078442998,6,-0.23663157894736842,
80,15,80c_cap15_dem1-6,central_depot,no_clustering,run_2026_07_08_184621,928.8754128955061,19,0.9859649122807018,0.9333333333333333,1.0,,,True,True,True,,,,
80,15,80c_cap15_dem1-6,central_depot,sweep,run_2026_07_09_020639,865.0361610298744,22,0.8515151515151516,0.0,1.0,22,2|4|5|3|3|3|3|3|5|3|4|4|2|4|3|6|3|4|4|5|3|4,True,True,True,-6.872746439334733,3,-0.13444976076555026,
80,25,80c_cap25_dem1-6,central_depot,kmeans,run_2026_07_09_022138,586.6890752930389,17,0.6611764705882353,0.0,1.0,12,8|6|7|7|8|5|6|9|8|3|7|6,True,True,True,-2.497354643466374,5,-0.2754901960784316,
80,25,80c_cap25_dem1-6,central_depot,no_clustering,run_2026_07_08_184621,601.716059238925,12,0.9366666666666669,0.72,1.0,,,True,True,True,,,,
80,25,80c_cap25_dem1-6,central_depot,sweep,run_2026_07_09_020639,592.4132260196737,13,0.8646153846153848,0.0,1.0,13,6|8|5|5|8|7|5|6|8|6|8|5|3,True,True,True,-1.546050346573413,1,-0.07205128205128208,
80,35,80c_cap35_dem1-6,central_depot,kmeans,run_2026_07_09_022138,482.32742672000904,12,0.669047619047619,0.0,1.0,9,8|12|7|7|11|11|6|10|8,True,True,True,-4.558388716717554,3,-0.223015873015873,
80,35,80c_cap35_dem1-6,central_depot,no_clustering,run_2026_07_08_184622,505.36387665166495,9,0.892063492063492,0.3142857142857143,1.0,,,True,True,True,,,,
80,35,80c_cap35_dem1-6,central_depot,sweep,run_2026_07_09_020640,476.08764249353453,9,0.892063492063492,0.22857142857142856,1.0,9,11|8|9|11|8|11|9|10|3,True,True,True,-5.793099885196151,0,0.0,
20,15,20c_cap15_dem1-6,corner_depot,kmeans,run_2026_07_09_021818,86.39509797256046,7,0.6380952380952382,0.0,1.0,5,1|6|5|4|4,True,True,True,0.683336871179381,2,-0.25523809523809515,
20,15,20c_cap15_dem1-6,corner_depot,no_clustering,run_2026_07_08_175041,85.80873524593231,5,0.8933333333333333,0.6,1.0,,,True,True,True,,,,
20,15,20c_cap15_dem1-6,corner_depot,sweep,run_2026_07_09_015911,97.25634907184862,5,0.8933333333333333,0.6666666666666666,1.0,5,4|5|4|4|3,True,True,True,13.340849032568594,0,0.0,
20,25,20c_cap25_dem1-6,corner_depot,kmeans,run_2026_07_09_021819,62.64111532257233,4,0.67,0.0,1.0,3,5|7|8,True,True,True,0.3406787434927397,1,-0.22333333333333316,
20,25,20c_cap25_dem1-6,corner_depot,no_clustering,run_2026_07_08_175042,62.42843491492199,3,0.8933333333333332,0.72,1.0,,,True,True,True,,,,
20,25,20c_cap25_dem1-6,corner_depot,sweep,run_2026_07_09_015911,64.53603123255994,3,0.8933333333333332,0.76,0.96,3,7|6|7,True,True,True,3.3760197905172413,0,0.0,
20,35,20c_cap35_dem1-6,corner_depot,kmeans,run_2026_07_09_021819,58.18260508123587,3,0.638095238095238,0.4,0.9714285714285714,2,6|14,True,True,True,7.756678425455302,1,-0.319047619047619,
20,35,20c_cap35_dem1-6,corner_depot,no_clustering,run_2026_07_08_175042,53.99443072244089,2,0.9571428571428571,0.9428571428571428,0.9714285714285714,,,True,True,True,,,,
20,35,20c_cap35_dem1-6,corner_depot,sweep,run_2026_07_09_015911,48.51787777406706,3,0.638095238095238,0.0,1.0,3,10|9|1,True,True,True,-10.142810795665437,1,-0.319047619047619,
40,15,40c_cap15_dem1-6,corner_depot,kmeans,run_2026_07_09_021819,350.3803714743341,13,0.717948717948718,0.0,1.0,10,4|6|7|4|3|3|2|4|4|3,True,True,True,-2.502774313992365,3,-0.21538461538461529,
40,15,40c_cap15_dem1-6,corner_depot,no_clustering,run_2026_07_08_175042,359.3747093919813,10,0.9333333333333332,0.6,1.0,,,True,True,True,,,,
40,15,40c_cap15_dem1-6,corner_depot,sweep,run_2026_07_09_015912,364.1959939650667,11,0.8484848484848485,0.0,1.0,11,4|4|2|5|4|5|3|3|5|3|2,True,True,True,1.3415759225913324,1,-0.08484848484848473,
40,25,40c_cap25_dem1-6,corner_depot,kmeans,run_2026_07_09_021819,247.16171286174816,9,0.6222222222222222,0.0,1.0,6,6|7|10|8|5|4,True,True,True,-2.3343777354091473,3,-0.311111111111111,
40,25,40c_cap25_dem1-6,corner_depot,no_clustering,run_2026_07_08_175043,253.06930640563567,6,0.9333333333333332,0.68,1.0,,,True,True,True,,,,
40,25,40c_cap25_dem1-6,corner_depot,sweep,run_2026_07_09_015912,257.8409469825492,6,0.9333333333333332,0.76,1.0,6,8|7|7|5|8|5,True,True,True,1.8855074306266324,0,0.0,
40,35,40c_cap35_dem1-6,corner_depot,kmeans,run_2026_07_09_021820,192.32898366311278,5,0.7999999999999999,0.42857142857142855,1.0,4,6|9|17|8,True,True,True,-7.592276878723404,1,-0.20000000000000007,
40,35,40c_cap35_dem1-6,corner_depot,no_clustering,run_2026_07_08_175043,208.13085439914883,4,1.0,1.0,1.0,,,True,True,True,,,,
40,35,40c_cap35_dem1-6,corner_depot,sweep,run_2026_07_09_015912,211.65745714803805,5,0.7999999999999999,0.14285714285714285,1.0,5,10|12|8|9|1,True,True,True,1.694416120603616,1,-0.20000000000000007,
60,15,60c_cap15_dem1-6,corner_depot,kmeans,run_2026_07_09_021820,839.5840897373743,22,0.6727272727272727,0.0,1.0,15,5|3|4|3|6|3|3|4|7|4|1|3|4|7|3,True,True,True,-0.6256983720046496,6,-0.2522727272727273,
60,15,60c_cap15_dem1-6,corner_depot,no_clustering,run_2026_07_08_175043,844.8704302650916,16,0.925,0.4,1.0,,,True,True,True,,,,
60,15,60c_cap15_dem1-6,corner_depot,sweep,run_2026_07_09_015913,939.6936343812982,17,0.8705882352941178,0.0,1.0,17,4|3|4|3|4|6|2|4|5|2|3|4|4|5|3|3|1,True,True,True,11.223401922878793,1,-0.05441176470588227,
60,25,60c_cap25_dem1-6,corner_depot,kmeans,run_2026_07_09_021821,571.375034614279,13,0.683076923076923,0.0,1.0,9,6|10|4|6|9|9|3|6|7,True,True,True,0.3518366816419466,3,-0.20492307692307687,
60,25,60c_cap25_dem1-6,corner_depot,no_clustering,run_2026_07_08_175044,569.3717758519158,10,0.8879999999999999,0.24,1.0,,,True,True,True,,,,
60,25,60c_cap25_dem1-6,corner_depot,sweep,run_2026_07_09_015913,623.1097679493423,10,0.8880000000000001,0.56,1.0,10,7|6|8|5|7|5|7|7|5|3,True,True,True,9.438120113527173,0,2.220446049250313e-16,
60,35,60c_cap35_dem1-6,corner_depot,kmeans,run_2026_07_09_021821,449.7507095158236,10,0.6342857142857142,0.0,1.0,7,7|10|7|9|11|10|6,True,True,True,-1.5750505314636862,3,-0.2718367346938776,
60,35,60c_cap35_dem1-6,corner_depot,no_clustering,run_2026_07_08_175044,456.9478693607013,7,0.9061224489795918,0.6571428571428571,1.0,,,True,True,True,,,,
60,35,60c_cap35_dem1-6,corner_depot,sweep,run_2026_07_09_015913,458.5848765762041,7,0.9061224489795918,0.6,1.0,7,10|8|10|9|9|9|5,True,True,True,0.35824813403618566,0,0.0,
80,15,80c_cap15_dem1-6,corner_depot,kmeans,run_2026_07_09_021822,1389.817682094957,25,0.7493333333333334,0.0,1.0,19,7|3|1|4|5|5|6|8|7|4|2|2|4|1|3|2|4|8|4,True,True,True,-1.2161590725784281,6,-0.23663157894736842,
80,15,80c_cap15_dem1-6,corner_depot,no_clustering,run_2026_07_08_175044,1406.9281666381887,19,0.9859649122807018,0.7333333333333333,1.0,,,True,True,True,,,,
80,15,80c_cap15_dem1-6,corner_depot,sweep,run_2026_07_09_015914,1525.1693194232466,22,0.8515151515151516,0.0,1.0,22,4|3|3|5|2|3|7|3|2|5|5|4|3|3|2|3|4|4|5|3|3|4,True,True,True,8.404206809477097,3,-0.13444976076555026,
80,25,80c_cap25_dem1-6,corner_depot,kmeans,run_2026_07_09_021822,912.6391974584776,17,0.6611764705882353,0.0,1.0,12,8|6|7|7|8|5|6|9|8|3|7|6,True,True,True,-1.601311822225993,5,-0.2754901960784314,
80,25,80c_cap25_dem1-6,corner_depot,no_clustering,run_2026_07_08_175045,927.4912240797756,12,0.9366666666666666,0.52,1.0,,,True,True,True,,,,
80,25,80c_cap25_dem1-6,corner_depot,sweep,run_2026_07_09_015914,1038.913116843242,12,0.9366666666666665,0.88,1.0,12,7|6|6|9|5|9|7|5|7|8|5|6,True,True,True,12.013255745251424,0,-1.1102230246251565e-16,
80,35,80c_cap35_dem1-6,corner_depot,kmeans,run_2026_07_09_021823,720.2351546751779,12,0.669047619047619,0.0,1.0,9,8|12|7|7|11|11|6|10|8,True,True,True,-2.3049540610134063,3,-0.223015873015873,
80,35,80c_cap35_dem1-6,corner_depot,no_clustering,run_2026_07_08_175045,737.2279195456705,9,0.892063492063492,0.17142857142857143,1.0,,,True,True,True,,,,
80,35,80c_cap35_dem1-6,corner_depot,sweep,run_2026_07_09_015915,800.4805539739142,9,0.892063492063492,0.5714285714285714,1.0,9,9|9|12|10|10|7|12|7|4,True,True,True,8.579793677269338,0,0.0,
